article_id,question_id,relevance
0,11,0.1
0,14,1.0
1,15,0.1
1,18,0.1
1,26,0.1
2,2,0.1
2,4,0.2
2,7,0.1
2,8,0.1
2,16,1.0
2,19,0.1
2,22,0.1
3,0,0.4
3,4,0.2
3,17,1.0
3,25,0.1
4,3,0.1
4,9,0.1
4,17,1.0
5,15,0.8
5,18,0.8
5,25,0.1
6,15,0.1
6,18,0.8
6,22,0.1
9,15,0.1
9,18,0.8
9,25,0.1
10,15,0.1
10,18,1.0
10,22,0.1
11,3,0.1
11,8,0.1
11,19,0.8
12,15,0.8
12,18,0.8
12,25,0.1
12,26,0.1
15,8,0.1
15,18,0.1
15,22,0.1
16,8,0.1
16,15,0.1
16,18,0.1
17,7,0.1
17,14,0.1
18,28,1.0
19,15,0.1
19,18,0.1
19,22,0.1
20,15,0.1
20,18,0.1
20,25,0.1
21,8,0.1
21,11,0.1
21,24,0.1
22,9,0.1
24,6,0.1
24,11,0.1
24,13,0.1
24,24,0.1
24,25,0.1
25,4,0.2
25,8,1.0
25,28,0.1
26,8,0.1
26,19,0.1
26,28,0.1
27,27,0.1
28,9,0.1
29,1,0.1
30,2,0.1
30,3,0.1
30,12,0.1
30,17,0.1
30,19,0.1
30,27,0.1
31,14,0.1
31,19,0.1
32,1,0.1
32,8,0.1
32,19,0.1
34,14,0.1
34,16,0.1
35,2,0.8
35,16,0.8
36,19,0.8
37,3,0.1
37,9,0.1
37,26,0.1
38,15,0.1
38,19,0.1
39,9,0.1
39,16,0.1
40,9,0.1
40,16,0.1
41,9,0.1
41,16,0.1
42,27,0.1
43,7,0.1
43,16,0.1
43,19,0.1
43,25,0.1
44,3,0.1
44,19,0.1
44,24,0.1
45,9,0.1
45,19,0.1
45,28,0.1
46,8,1.0
46,16,0.1
46,19,0.1
46,28,0.1
47,19,0.8
48,16,0.1
48,19,0.1
49,3,0.1
49,19,0.8
50,11,0.1
50,16,0.1
50,17,0.1
50,25,0.1
50,26,0.1
51,1,0.1
51,19,0.1
52,8,0.1
52,24,0.1
53,7,0.1
53,18,0.1
53,19,0.8
54,1,0.6
55,1,1.0
55,8,0.1
56,1,1.0
56,16,0.1
57,25,0.1
58,4,0.2
58,7,0.1
58,11,0.1
58,15,0.8
58,16,0.1
58,18,1.0
58,24,0.1
62,4,0.2
63,19,0.1
63,24,0.1
64,7,0.1
64,16,0.1
64,19,0.1
65,12,0.1
65,24,0.1
66,1,0.6
66,4,0.2
66,24,0.1
67,8,0.1
68,2,0.8
68,4,0.2
68,8,0.1
68,19,0.1
69,18,0.1
70,1,1.0
70,3,0.1
70,8,0.1
70,11,0.1
70,16,0.1
70,17,0.1
70,18,0.1
70,19,0.1
70,24,0.1
71,0,1.0
71,9,0.1
71,19,0.1
71,26,0.1
72,1,1.0
72,2,0.1
72,4,0.2
72,8,0.1
72,17,0.1
72,19,0.1
73,3,0.1
73,19,0.1
74,1,0.1
74,19,0.1
75,1,0.6
75,8,1.0
75,11,0.1
75,15,0.1
75,17,0.1
75,19,0.1
76,26,0.1
77,16,0.1
77,27,0.1
78,2,0.8
78,11,0.1
78,16,0.1
78,17,0.1
79,8,0.1
79,19,0.1
80,9,0.1
80,16,0.1
80,18,0.1
80,19,0.1
81,19,0.8
82,14,0.1
82,19,0.1
82,28,0.1
83,11,0.1
83,18,0.1
84,3,0.1
84,8,0.1
84,19,0.1
84,25,0.1
85,7,0.1
85,18,0.1
85,19,0.1
88,1,0.1
88,14,0.1
89,7,0.1
89,25,0.1
90,8,0.1
92,4,0.2
93,20,0.1
93,27,0.1
94,8,0.1
94,9,0.1
96,16,0.1
97,18,0.1
98,4,0.2
98,8,0.1
98,16,0.1
99,14,0.1
99,16,0.1
99,17,0.1
99,22,0.1
99,25,0.1
101,6,0.1
101,11,0.8
101,13,0.1
101,14,0.1
101,20,0.1
101,25,0.8
102,26,0.1
105,9,0.1
105,15,0.1
105,16,0.1
105,18,0.1
106,1,0.1
106,9,0.1
106,11,0.1
109,27,0.1
110,12,0.1
110,16,0.1
111,24,0.1
112,18,0.1
112,19,0.1
114,18,0.1
115,3,0.1
115,4,0.2
115,16,0.1
116,1,0.1
116,8,0.1
116,9,0.1
116,16,0.1
117,1,0.6
117,8,0.1
117,14,0.1
117,18,0.1
117,19,0.1
117,26,0.1
118,5,0.1
118,28,0.1
119,2,0.1
119,5,0.1
119,22,0.1
119,24,0.1
120,19,0.1
121,3,0.1
121,5,0.1
121,16,0.1
121,19,0.1
121,28,0.1
122,0,1.0
122,26,0.1
123,0,1.0
124,5,0.1
124,19,0.1
124,28,0.1
125,1,1.0
125,5,0.1
125,7,0.1
125,18,0.1
125,22,0.1
126,0,0.4
127,5,0.1
127,7,0.1
127,24,0.1
128,22,0.1
129,1,1.0
130,1,0.1
130,4,0.2
130,7,0.1
130,9,0.1
130,15,0.1
130,19,0.1
131,9,0.1
132,18,0.1
132,22,0.1
133,0,0.4
133,4,0.2
133,5,0.1
133,10,0.1
133,24,0.1
135,5,0.1
135,8,0.1
136,19,0.1
138,5,0.1
138,25,0.1
142,0,1.0
142,5,0.1
142,15,0.1
142,24,0.1
142,27,0.1
143,8,0.1
144,9,0.1
145,1,1.0
145,2,0.8
145,5,0.1
145,9,0.1
145,11,0.1
145,13,0.1
145,15,0.1
145,16,0.1
145,18,0.8
146,5,0.1
146,8,0.1
146,11,0.1
146,24,0.8
146,26,0.1
148,8,0.1
148,16,0.1
148,18,0.1
148,26,0.1
149,2,0.8
149,3,0.1
149,13,0.1
149,15,0.1
149,18,1.0
151,1,1.0
151,9,0.1
156,5,0.1
156,14,0.1
156,27,0.1
160,5,0.1
160,19,0.8
161,7,0.1
161,8,0.1
161,26,0.1
162,0,1.0
162,8,0.1
162,9,0.1
164,1,1.0
164,2,0.8
165,0,1.0
165,2,0.8
165,7,0.1
165,8,0.1
165,13,0.1
165,15,0.1
165,18,0.1
167,5,0.1
167,7,0.1
167,25,0.1
168,3,0.1
168,14,0.1
168,19,0.1
168,25,0.1
171,1,0.6
171,6,0.1
171,11,0.1
171,13,0.1
171,16,0.1
171,19,0.1
171,25,0.1
171,26,0.1
173,0,1.0
173,2,0.8
173,5,0.1
173,13,0.1
173,15,0.1
173,25,0.1
176,1,1.0
176,25,0.1
176,27,0.1
179,14,0.1
179,18,0.1
180,2,0.8
180,3,0.1
180,7,0.1
180,13,0.1
180,18,0.1
180,25,0.1
180,26,0.1
181,1,1.0
181,2,0.1
181,4,0.2
181,18,0.1
181,19,0.1
182,1,0.6
182,5,0.1
183,5,0.1
183,8,0.1
183,16,0.1
183,25,0.1
183,27,0.1
184,1,1.0
184,4,0.2
184,5,0.1
184,7,0.1
184,15,0.1
184,18,0.1
184,19,0.1
186,0,1.0
186,2,0.8
186,5,0.1
186,15,0.1
186,16,0.1
186,18,0.1
186,24,1.0
187,1,0.1
187,8,0.1
189,1,0.6
189,3,0.1
189,5,0.1
189,15,0.1
189,18,0.1
189,24,0.1
189,25,0.1
190,3,0.1
190,9,0.1
192,0,1.0
192,1,1.0
192,2,0.8
192,3,0.1
192,5,0.1
192,7,0.1
192,8,1.0
192,11,0.1
192,13,0.1
192,14,0.1
192,16,0.1
194,9,0.1
195,3,0.1
195,8,0.1
195,9,0.1
195,12,0.1
195,16,0.1
195,27,0.1
196,5,1.0
196,24,1.0
196,25,0.1
196,27,0.1
198,5,1.0
198,9,0.1
198,11,0.1
198,15,0.1
198,19,0.1
198,26,0.1
199,5,0.1
199,10,0.1
199,17,0.1
199,18,0.1
199,19,0.1
199,24,1.0
199,25,0.1
200,7,0.1
200,15,0.1
201,7,0.1
201,16,0.1
201,27,0.1
202,7,0.1
202,25,0.1
202,27,0.1
203,8,0.1
203,19,0.1
204,1,1.0
204,16,0.1
205,5,0.1
205,27,0.1
206,27,0.1
208,9,0.1
211,9,0.1
211,19,0.1
214,8,0.1
214,18,0.1
215,24,0.1
216,5,0.1
216,8,0.1
216,15,0.1
216,18,0.8
216,27,0.1
217,5,0.1
217,8,0.1
219,2,0.8
219,13,0.1
220,1,1.0
220,5,0.1
220,8,0.1
220,24,0.1
220,25,0.1
224,3,0.1
224,5,0.1
224,8,0.1
225,5,0.1
225,16,0.1
225,19,0.1
226,3,0.1
226,5,0.1
227,5,0.1
227,9,0.1
228,3,0.1
228,5,0.1
229,4,0.2
229,5,0.1
230,4,0.2
230,16,0.1
230,18,0.1
230,25,0.1
231,5,0.1
231,7,0.1
231,18,0.1
232,0,0.4
233,5,0.1
233,8,0.1
233,9,0.1
233,27,0.1
234,5,0.1
234,6,0.1
234,7,0.1
234,11,0.1
234,13,0.1
234,14,0.1
234,19,0.1
234,23,0.1
234,25,0.8
235,5,0.1
235,7,0.1
235,8,0.1
235,15,0.8
235,18,1.0
235,19,0.1
235,22,0.1
235,25,0.1
236,8,0.1
236,10,0.1
237,5,0.1
237,15,0.1
237,18,0.1
237,24,0.1
238,9,0.1
239,5,0.1
239,7,0.1
239,16,0.1
239,26,0.1
241,5,0.1
241,27,0.1
243,7,0.1
243,8,0.1
244,9,0.1
244,16,0.1
245,5,0.1
245,9,0.1
245,16,0.1
246,9,0.1
249,3,0.1
249,9,0.1
249,11,0.1
249,19,0.1
249,22,0.1
250,9,0.1
251,5,0.1
251,6,0.1
251,11,0.1
251,13,0.1
251,19,0.1
251,25,0.8
251,27,0.1
253,3,0.1
253,9,0.1
253,11,0.1
254,5,0.1
254,24,0.1
255,14,0.1
256,1,1.0
256,5,0.1
256,8,0.1
256,9,0.1
256,19,0.1
256,24,0.1
256,25,0.1
256,27,0.1
257,9,0.1
257,19,0.1
258,19,0.1
262,19,0.1
263,3,0.1
263,16,0.1
264,5,0.1
264,18,0.1
264,22,0.1
264,25,0.1
265,5,0.1
266,3,0.1
266,8,0.1
266,9,0.1
266,17,0.1
266,19,0.1
266,22,0.1
266,27,0.1
267,1,0.1
267,25,0.1
267,26,0.1
268,9,0.1
269,9,0.1
270,8,0.1
271,5,0.1
271,27,0.1
272,1,0.6
272,2,0.8
272,5,0.1
272,13,0.1
272,18,0.1
272,25,0.1
274,3,0.1
275,5,0.1
276,2,0.8
276,5,0.1
276,13,0.1
276,19,0.1
276,25,0.1
276,27,0.1
277,3,0.1
277,5,0.1
277,11,0.1
277,15,0.1
277,18,0.8
277,22,0.1
277,27,0.1
278,5,0.1
278,11,0.1
278,26,0.1
279,15,0.1
279,18,0.1
280,5,0.1
280,7,0.1
280,16,0.1
281,1,0.1
281,8,1.0
281,9,0.1
281,14,0.1
281,16,0.1
281,19,0.1
281,24,0.1
282,16,0.1
282,19,0.1
283,1,0.6
283,7,0.1
283,16,0.1
284,8,0.1
284,14,0.1
285,3,0.1
285,5,0.1
286,5,0.1
289,5,0.1
292,3,0.1
292,8,0.1
292,26,0.1
294,8,0.1
294,16,0.1
295,5,0.1
295,18,0.1
296,5,0.1
296,24,0.1
297,2,0.8
297,3,0.1
297,4,0.2
297,5,0.1
297,8,0.1
297,13,0.1
297,17,0.1
297,19,0.1
298,5,0.1
298,11,0.1
299,0,1.0
299,4,0.2
299,5,0.1
299,17,0.1
300,9,0.1
300,19,0.1
303,5,0.1
303,18,0.1
303,26,0.1
304,4,0.2
304,7,0.1
305,2,0.1
305,5,0.1
305,8,0.1
305,14,0.1
305,15,0.1
306,5,0.1
306,8,0.1
306,19,0.1
306,24,0.1
307,7,0.1
307,18,0.1
307,19,0.1
308,3,0.1
308,8,0.1
308,22,0.8
309,1,0.6
309,2,0.8
309,5,0.1
309,7,0.1
309,10,0.8
309,13,0.1
309,18,0.1
309,19,0.1
309,25,0.1
309,26,0.1
310,3,0.1
310,5,0.1
310,8,0.1
310,18,0.1
310,19,0.1
310,25,0.1
311,3,0.1
311,9,0.1
311,16,0.1
311,19,0.1
311,22,0.8
311,25,0.1
312,8,0.1
312,19,0.1
313,3,0.1
313,9,0.1
313,15,0.1
313,22,0.8
314,4,0.2
314,16,0.1
315,4,0.2
316,27,0.1
317,5,0.1
317,9,0.1
318,9,0.1
318,19,0.1
319,9,0.1
320,0,1.0
320,3,0.1
320,16,0.1
320,19,0.1
321,5,0.1
321,7,0.1
321,10,0.8
321,18,0.1
321,19,0.1
321,25,0.1
321,26,0.1
322,1,0.1
322,3,0.1
322,5,0.1
322,19,0.1
323,5,0.1
323,8,0.1
323,25,0.1
324,0,1.0
324,3,0.1
324,5,0.1
324,7,0.1
324,8,0.1
324,9,0.1
324,12,0.1
324,16,0.1
324,17,1.0
324,19,0.1
325,26,0.1
326,0,1.0
326,3,0.1
326,7,0.1
327,5,0.1
327,26,0.1
328,3,0.1
328,8,0.1
328,15,0.1
328,16,0.1
328,19,0.1
329,3,0.1
329,5,0.1
329,17,0.1
329,27,0.1
330,9,0.1
330,15,0.1
331,8,0.1
331,24,0.1
332,19,0.1
333,0,0.4
333,5,0.1
333,8,0.1
333,24,0.1
334,3,0.1
334,7,0.1
334,10,1.0
334,11,0.1
334,16,0.1
334,24,0.8
334,26,0.1
335,0,1.0
335,3,0.1
335,9,0.1
335,16,0.1
335,19,0.1
336,0,1.0
336,3,0.1
337,1,0.6
337,2,0.8
337,4,0.2
337,8,0.1
338,0,1.0
338,5,0.1
338,7,0.1
338,8,0.1
338,12,0.1
338,17,0.1
339,5,0.1
340,19,0.1
340,25,0.1
340,26,0.1
341,9,0.1
342,8,0.1
343,8,0.1
343,9,0.1
343,19,0.1
344,0,1.0
344,16,0.1
344,17,0.1
344,19,0.1
345,5,0.1
347,3,0.1
347,5,0.1
348,19,0.1
349,8,0.1
349,19,0.1
351,4,0.2
352,0,0.4
352,3,0.1
352,5,0.1
352,7,0.1
352,8,0.1
352,9,0.1
352,12,0.1
352,16,0.1
352,17,1.0
352,19,0.1
353,18,0.1
355,4,0.2
355,5,0.1
355,8,0.1
355,18,0.1
355,25,0.1
356,3,0.1
356,25,0.1
357,9,0.1
358,1,0.6
358,9,0.1
358,12,0.1
358,16,0.1
358,18,0.1
358,19,0.1
360,16,0.1
360,18,0.1
361,1,0.1
361,3,0.1
361,5,0.1
361,8,1.0
362,5,0.1
363,16,0.1
363,18,0.1
364,1,1.0
364,5,0.1
365,5,0.1
365,7,0.1
365,25,0.1
366,19,0.1
367,0,1.0
367,1,0.6
367,7,0.1
367,8,0.1
368,3,0.1
368,9,0.1
368,15,0.1
368,18,0.1
368,19,0.1
369,3,0.1
369,9,0.1
369,15,0.1
369,18,0.1
369,22,0.1
370,3,0.1
370,9,0.1
370,11,0.1
370,22,0.8
370,27,0.1
371,3,0.1
371,9,0.1
371,16,0.1
371,22,1.0
371,26,0.1
373,5,0.1
373,10,0.1
373,18,0.1
375,6,1.0
375,8,0.1
375,11,0.1
375,13,0.1
375,18,0.1
375,24,0.1
375,25,0.1
376,5,0.1
376,10,0.8
376,18,0.1
376,26,0.1
377,5,0.1
377,27,0.1
378,5,1.0
378,24,0.1
378,25,0.1
379,5,1.0
379,24,1.0
380,9,0.1
381,5,0.1
381,8,0.1
381,24,1.0
381,25,0.1
382,5,0.1
382,8,0.1
382,19,0.1
382,24,0.1
382,25,0.1
383,5,0.1
383,24,0.1
383,25,0.1
384,5,0.1
384,8,0.1
384,27,0.1
385,5,0.1
385,8,0.1
386,5,1.0
386,8,0.1
386,14,0.1
386,24,1.0
386,26,0.1
387,5,0.1
387,8,0.1
387,27,0.1
388,5,0.1
388,8,0.1
388,14,0.1
389,4,0.2
389,17,0.1
389,19,0.1
389,24,0.1
389,25,0.1
390,5,0.1
390,19,0.1
391,18,0.1
392,5,0.1
392,14,0.1
392,24,1.0
393,7,0.1
393,14,0.1
393,24,1.0
394,8,0.1
394,24,0.1
394,27,0.1
395,0,1.0
395,7,0.1
396,3,0.1
396,22,0.1
396,24,0.8
396,27,0.1
397,3,0.1
397,5,0.1
397,9,0.1
398,2,0.1
399,24,0.8
399,26,0.1
400,5,0.1
401,3,0.1
401,25,0.1
402,4,1.0
402,5,0.1
402,24,0.1
403,9,0.1
403,16,0.1
406,5,0.1
406,8,0.1
406,17,0.1
407,5,1.0
407,15,0.1
407,24,1.0
407,25,0.1
408,4,0.2
408,5,0.1
408,16,0.1
408,24,0.1
409,1,0.1
409,5,0.1
409,7,0.1
409,10,0.1
409,19,0.1
409,26,0.1
410,7,0.1
410,24,0.1
411,2,0.1
412,5,0.1
413,5,0.1
413,24,0.1
414,6,0.1
414,11,0.1
414,13,0.1
414,24,1.0
414,25,0.1
415,5,0.1
415,7,0.1
415,15,0.1
415,18,0.1
415,19,0.1
415,24,0.1
416,5,0.1
416,24,0.1
417,5,0.1
417,8,0.1
417,18,0.1
417,22,0.1
417,24,1.0
417,25,0.1
417,26,0.1
418,5,0.1
418,15,0.1
418,18,0.1
420,8,0.1
420,18,0.1
421,5,0.1
421,7,0.1
421,8,0.1
421,18,0.1
422,9,0.1
422,16,0.1
423,1,0.1
423,5,0.1
423,7,0.1
423,8,0.1
423,18,0.1
424,1,1.0
424,18,0.1
424,25,0.1
425,4,0.2
425,5,0.1
425,6,0.1
425,11,0.1
425,13,0.1
425,19,0.1
425,25,0.1
426,5,1.0
426,24,1.0
426,25,0.1
426,26,0.1
428,5,0.1
428,6,0.1
428,11,0.8
428,13,0.1
428,18,0.1
428,19,0.1
428,24,0.1
428,25,1.0
429,5,0.1
429,6,0.1
429,11,0.1
429,13,0.1
429,18,0.1
429,25,1.0
429,27,0.1
431,4,0.2
431,5,0.1
431,6,0.1
431,11,0.1
431,13,0.1
431,19,0.1
431,25,0.1
432,6,0.1
432,11,0.8
432,13,0.1
432,24,0.8
432,25,0.1
433,3,0.1
433,4,0.2
433,5,0.1
433,7,0.1
433,10,0.8
433,15,0.1
433,18,0.1
433,25,0.1
433,26,0.1
435,1,0.6
435,2,0.8
435,3,0.1
435,13,0.1
435,15,0.1
435,18,1.0
436,9,0.1
438,5,0.1
438,8,0.1
438,16,0.1
440,3,0.1
440,9,0.1
441,8,0.1
441,16,0.1
442,6,0.1
442,11,0.1
442,13,0.1
442,25,0.1
443,18,0.1
444,6,0.1
444,11,0.1
444,13,0.1
444,25,0.1
445,3,0.1
445,9,0.1
446,5,0.1
446,6,0.1
446,11,0.1
446,13,0.1
446,25,0.1
447,6,0.1
447,11,0.1
447,13,0.1
447,25,0.1
448,5,0.1
448,15,0.1
448,18,0.1
448,19,0.1
449,7,0.1
450,1,0.1
450,5,0.1
450,19,0.1
450,24,0.1
451,9,0.1
452,1,1.0
452,8,1.0
452,18,0.1
452,19,0.1
453,9,0.1
453,16,0.1
454,5,0.1
454,16,0.1
454,18,0.1
455,1,0.1
455,5,0.1
455,16,0.1
455,27,0.1
456,3,0.1
456,15,0.1
456,22,0.1
457,3,0.1
457,8,0.1
457,9,0.1
457,16,0.1
457,17,0.1
458,1,0.6
458,2,0.8
458,7,0.1
458,13,0.1
458,19,0.1
458,26,0.1
459,4,1.0
459,5,0.1
459,24,0.1
460,5,1.0
460,7,0.1
460,9,0.1
460,24,0.1
460,26,0.1
460,27,0.1
461,0,0.6
461,5,0.1
461,6,1.0
461,11,0.8
461,13,0.1
461,17,0.1
461,25,0.8
462,8,0.1
462,19,0.1
462,25,0.1
463,15,0.1
463,18,0.1
464,11,0.1
464,20,1.0
464,24,0.8
464,25,0.1
466,7,1.0
466,24,0.1
467,5,0.1
468,8,1.0
468,24,0.1
469,9,0.8
469,11,0.1
470,1,0.1
470,15,0.8
470,18,1.0
470,25,0.1
471,6,1.0
471,9,0.1
471,11,0.1
471,13,0.1
471,18,0.1
471,25,0.1
472,3,0.1
472,5,0.1
472,7,0.1
472,8,0.1
472,10,1.0
472,11,0.1
472,16,0.1
472,18,0.1
472,19,0.1
472,24,0.8
472,25,0.1
472,26,0.1
473,9,0.8
474,0,1.0
474,3,0.1
474,5,0.1
474,6,1.0
474,7,0.1
474,11,0.8
474,13,0.1
474,18,0.1
474,21,0.1
474,23,0.1
474,25,0.8
474,27,0.1
475,3,0.1
475,9,0.1
475,12,1.0
476,5,0.1
476,8,0.1
476,19,0.1
476,25,0.1
477,2,0.8
477,3,0.1
477,4,0.2
477,5,0.1
477,13,0.1
478,6,0.1
478,11,0.1
478,13,0.1
478,18,0.1
478,24,0.8
478,25,0.1
479,15,0.1
479,18,0.1
480,0,0.6
480,5,0.1
480,6,1.0
480,11,0.8
480,13,0.1
480,23,0.1
480,25,0.1
481,7,0.1
481,8,0.1
481,10,0.8
481,15,0.1
481,19,0.1
482,1,1.0
482,3,0.1
483,2,0.8
483,5,0.1
483,13,0.1
483,18,0.1
483,19,0.1
484,1,1.0
484,4,0.2
484,7,0.1
484,10,0.1
484,19,0.1
484,24,0.1
484,25,0.1
485,3,0.1
485,5,0.1
485,8,0.1
485,9,0.1
488,5,0.1
488,6,0.1
488,8,0.1
488,11,0.8
488,13,0.1
488,18,0.1
488,23,0.1
488,25,1.0
488,26,0.1
488,27,0.1
489,6,0.1
489,8,0.1
489,11,0.8
489,13,0.1
489,23,0.1
489,25,0.1
491,6,0.1
491,11,0.8
491,13,0.1
491,23,0.1
491,25,0.1
492,9,0.8
493,0,0.4
493,5,0.1
493,6,0.1
493,11,0.1
493,13,0.1
493,25,0.8
493,26,0.1
494,6,0.1
494,11,0.8
494,13,0.1
494,25,0.8
495,5,0.1
495,6,0.1
495,11,0.8
495,13,0.1
495,25,0.8
496,2,0.8
496,6,0.1
496,11,0.8
496,13,0.8
496,14,0.1
496,15,0.1
496,18,0.1
496,22,0.1
496,23,0.1
496,24,0.1
496,25,0.8
496,27,0.1
497,8,0.1
497,9,0.1
497,15,0.1
498,2,0.8
498,6,0.1
498,11,0.8
498,13,0.8
498,18,0.1
498,23,0.1
498,25,0.8
499,2,0.8
499,5,0.1
499,6,0.1
499,11,0.8
499,13,0.8
499,18,0.1
499,25,0.1
500,3,0.1
500,6,0.1
500,11,0.8
500,13,0.1
500,18,0.1
500,25,0.8
500,27,0.1
501,0,1.0
501,6,0.1
501,11,0.8
501,13,0.1
501,25,0.8
501,27,0.1
502,6,0.1
502,11,0.8
502,13,0.1
502,25,0.1
502,27,0.1
504,6,0.1
504,11,0.8
504,13,0.1
504,14,0.1
504,25,0.1
505,3,0.1
506,6,0.1
506,11,0.8
506,13,0.1
506,15,0.1
506,18,0.8
506,21,0.1
506,25,0.1
507,6,0.1
507,11,0.8
507,13,0.1
507,25,0.8
508,6,0.1
508,11,0.8
508,13,0.1
508,25,0.1
509,5,0.1
509,6,0.1
509,8,0.1
509,11,0.8
509,13,0.1
509,14,0.1
509,21,0.1
509,25,0.1
509,27,0.1
510,6,1.0
510,11,0.8
510,13,0.1
510,18,0.1
510,25,0.1
511,6,0.1
511,11,0.8
511,13,0.1
511,14,0.1
511,18,0.1
511,25,0.1
511,27,0.1
512,1,0.6
512,16,0.1
513,6,0.1
513,11,0.8
513,13,0.1
513,18,0.1
513,25,0.1
513,26,0.1
514,5,0.1
514,6,0.1
514,7,0.1
514,11,0.8
514,13,0.1
514,19,0.1
514,24,0.1
514,25,0.1
515,5,0.1
515,6,0.1
515,11,0.8
515,13,0.1
515,18,0.1
515,25,0.8
515,27,0.1
516,5,0.1
516,6,0.1
516,11,0.8
516,13,0.1
516,18,0.1
516,21,0.1
516,23,0.1
516,25,0.8
516,27,0.1
517,6,0.1
517,11,0.8
517,13,0.1
517,25,0.1
517,27,0.1
518,3,0.1
518,4,0.2
518,5,0.1
518,6,0.1
518,11,0.8
518,13,0.1
518,25,0.8
519,2,0.8
519,6,0.1
519,11,0.8
519,13,0.8
519,18,0.1
519,21,0.1
519,23,0.1
519,25,0.1
519,27,0.1
520,6,0.1
520,11,0.8
520,13,0.1
520,18,0.1
520,25,0.1
520,26,0.1
521,0,1.0
521,3,0.1
521,5,0.1
521,6,1.0
521,7,0.1
521,11,0.8
521,13,0.1
521,18,0.1
521,21,0.1
521,23,0.1
521,25,0.8
521,27,0.1
522,4,0.2
522,6,0.1
522,11,0.8
522,13,0.1
522,18,0.1
522,25,0.1
523,9,0.1
524,15,0.1
524,18,0.1
526,2,0.8
526,6,0.1
526,11,0.8
526,13,0.8
526,21,0.1
526,25,0.1
527,6,0.1
527,11,0.8
527,13,0.1
527,25,0.1
528,3,0.1
528,16,0.1
529,9,0.1
530,5,0.1
530,6,0.1
530,11,0.8
530,13,0.1
530,14,0.1
530,25,0.8
531,6,0.1
531,11,0.8
531,13,0.1
531,18,0.1
531,25,0.1
532,0,1.0
532,4,0.2
532,6,0.1
532,8,0.1
532,11,0.1
532,13,0.1
532,17,0.1
532,19,0.1
532,25,0.1
533,1,1.0
533,5,0.1
533,6,0.1
533,11,0.8
533,13,0.1
533,18,0.1
533,25,0.8
534,6,0.1
534,8,0.1
534,11,0.8
534,13,0.1
534,15,0.1
534,18,0.8
534,21,0.1
534,25,0.8
534,27,0.1
535,5,0.1
535,6,0.1
535,11,0.8
535,13,0.1
535,18,0.1
535,25,0.1
536,3,0.1
536,7,0.1
536,9,0.1
536,14,0.1
536,15,0.1
536,19,0.1
538,4,1.0
538,16,0.1
539,6,0.1
539,11,0.8
539,13,0.1
539,25,0.1
540,1,0.1
540,14,0.1
540,19,0.1
541,5,0.1
542,2,0.8
542,3,0.1
542,6,1.0
542,7,0.1
542,8,0.1
542,11,0.8
542,13,0.8
542,18,0.1
542,21,0.1
542,23,0.1
542,25,1.0
543,2,0.8
543,3,0.1
543,4,0.2
543,5,0.1
543,6,1.0
543,8,0.1
543,11,0.8
543,13,0.8
543,14,0.1
543,15,0.1
543,18,1.0
543,19,0.1
543,21,0.1
543,23,0.1
543,25,0.8
543,26,0.1
543,27,0.1
546,5,1.0
546,8,0.1
547,6,0.1
547,11,0.8
547,13,0.1
547,17,0.1
547,25,0.1
550,5,0.1
550,9,0.1
550,15,0.1
550,19,0.1
552,16,0.1
552,22,0.1
553,1,1.0
553,6,0.1
553,11,0.8
553,13,0.1
553,23,0.1
553,24,0.1
553,25,0.8
553,26,0.1
553,27,0.1
555,1,0.6
555,2,0.8
555,3,0.1
555,6,0.1
555,7,0.1
555,11,0.8
555,13,0.8
555,19,0.1
555,23,0.1
555,25,0.8
557,9,0.1
557,19,0.1
558,6,0.1
558,11,0.8
558,13,0.1
558,15,0.1
558,24,0.1
558,25,0.1
559,3,0.1
559,5,0.1
559,9,0.1
559,16,0.1
559,19,0.1
559,24,0.1
560,3,0.1
561,3,0.1
561,9,0.1
561,11,0.1
561,15,0.1
561,19,0.1
562,1,0.6
562,5,0.1
562,6,0.1
562,7,0.1
562,11,0.8
562,13,0.1
562,19,0.1
562,21,0.8
562,22,0.1
562,23,0.1
562,25,0.1
563,9,0.1
564,3,0.1
564,5,0.1
564,19,0.1
564,25,0.1
564,27,0.1
565,4,1.0
565,5,0.1
566,6,0.1
566,8,0.1
566,11,0.1
566,13,0.1
566,25,0.1
567,5,0.1
568,3,1.0
568,7,0.1
568,15,0.1
568,23,0.1
570,8,0.1
570,16,0.1
570,20,1.0
572,27,0.1
573,27,0.1
575,5,0.1
576,5,0.1
576,16,0.1
576,18,0.1
578,0,0.6
578,6,0.1
578,11,0.1
578,13,0.1
578,25,0.1
578,27,0.1
581,8,0.1
581,9,0.1
581,17,0.1
582,3,0.1
582,9,0.1
582,22,1.0
583,0,0.6
583,1,1.0
583,2,0.8
583,6,0.1
583,11,0.8
583,13,0.8
583,15,0.1
583,17,0.1
583,18,0.1
583,23,0.8
583,25,0.1
583,26,0.1
584,5,0.1
586,5,0.1
586,6,1.0
586,8,0.1
586,11,0.8
586,13,0.1
586,15,0.1
586,16,0.1
586,18,0.8
586,21,0.1
586,22,0.1
586,23,0.1
586,25,0.8
586,26,1.0
587,23,0.1
588,1,0.6
588,3,0.1
588,5,0.1
588,16,0.1
588,18,0.1
588,27,0.1
589,1,0.6
589,5,0.1
589,11,0.1
589,26,1.0
590,9,0.1
590,11,0.1
590,24,0.1
592,9,0.1
592,16,0.1
592,18,0.1
593,14,0.1
593,22,0.1
593,27,1.0
595,9,0.1
597,3,0.1
597,9,0.1
598,5,0.1
598,9,0.1
599,5,0.1
599,9,0.1
599,25,0.1
600,3,0.1
600,5,0.1
600,9,0.1
600,16,0.1
600,18,0.1
600,22,1.0
601,5,0.1
601,9,0.1
602,7,0.1
603,7,0.1
603,22,0.1
603,24,0.8
603,26,0.1
603,27,0.1
604,9,0.1
604,16,0.1
604,22,0.1
605,19,0.1
607,3,0.1
607,8,0.1
607,15,0.1
607,24,0.1
607,26,0.1
608,8,0.1
608,16,0.1
608,24,0.1
609,1,1.0
609,5,0.1
609,6,0.1
609,7,0.1
609,11,0.1
609,13,0.1
609,19,0.1
609,25,0.8
610,5,1.0
610,11,0.1
611,5,0.1
611,19,0.1
612,5,0.1
613,6,1.0
613,8,0.1
613,11,0.8
613,13,0.1
613,25,0.8
614,1,1.0
614,5,0.1
614,19,0.1
614,24,0.1
614,27,0.1
615,5,0.1
615,6,0.1
615,11,0.8
615,13,0.1
615,14,0.1
615,25,0.8
616,1,1.0
616,3,0.1
616,4,0.2
616,5,0.1
616,8,0.1
616,19,0.1
616,27,0.1
617,4,0.2
617,16,0.1
618,5,0.1
619,11,0.1
620,9,0.1
620,16,0.1
621,15,0.1
621,18,0.8
623,1,1.0
624,9,0.1
624,16,0.1
625,9,0.1
625,11,0.1
626,5,0.1
626,9,0.1
627,5,0.1
627,18,0.1
629,1,0.1
629,5,0.1
630,7,0.1
630,24,0.1
631,5,0.1
631,7,0.1
631,16,0.1
631,18,0.1
632,5,0.1
633,9,0.1
633,16,0.1
634,5,1.0
634,27,0.1
635,5,0.1
635,6,0.1
635,11,0.8
635,13,0.1
635,25,0.1
636,5,0.1
636,6,0.1
636,9,0.1
636,11,0.8
636,13,0.1
636,18,0.1
636,21,0.1
636,25,0.1
637,5,0.1
637,6,0.1
637,8,0.1
637,11,0.8
637,13,0.1
637,25,0.1
638,9,0.1
638,12,0.1
638,16,0.1
638,27,0.1
639,3,0.1
639,4,0.2
639,7,0.1
639,25,0.1
641,0,0.6
641,6,0.1
641,11,0.8
641,13,0.1
641,14,0.1
641,18,0.1
641,23,0.1
641,25,0.1
641,27,0.1
642,5,0.1
642,19,0.1
642,24,0.1
643,1,1.0
643,8,0.1
643,18,0.1
644,1,0.1
644,12,0.1
645,9,0.1
646,9,0.1
647,1,1.0
647,25,0.1
648,9,0.1
648,14,0.1
648,16,0.1
650,3,0.1
650,12,0.1
650,14,0.1
650,15,0.1
651,4,0.2
651,5,0.1
651,15,0.1
651,16,0.1
651,18,0.1
651,19,0.1
651,24,0.1
654,0,1.0
654,2,0.8
654,3,0.1
654,4,0.2
654,7,0.1
654,8,0.1
654,13,0.1
654,24,0.1
654,25,0.1
655,5,0.1
655,9,0.1
655,16,0.1
656,5,0.1
656,19,0.1
656,26,0.1
658,0,1.0
658,5,0.1
659,5,0.1
659,24,1.0
659,26,0.1
661,16,0.1
662,5,0.1
662,9,0.1
664,8,0.1
664,9,0.1
664,27,0.1
665,5,0.1
665,7,0.1
665,8,0.1
665,15,0.1
665,18,0.1
665,22,0.1
665,25,0.1
666,0,1.0
666,1,1.0
666,3,0.1
666,7,0.1
666,14,0.1
666,15,0.1
666,24,0.1
667,1,0.1
667,5,0.1
667,24,0.1
667,25,0.1
667,26,0.1
669,0,1.0
669,1,1.0
669,5,0.1
669,19,0.1
669,27,0.1
670,3,0.1
670,4,0.2
670,7,0.1
670,8,0.1
670,16,0.1
671,5,0.1
671,18,0.1
671,27,0.1
672,5,0.1
672,8,0.1
672,10,0.1
672,18,0.1
672,19,0.1
672,24,1.0
672,25,0.1
672,26,0.1
673,8,0.1
673,24,1.0
673,26,0.1
674,9,0.1
674,16,0.1
675,11,0.1
675,16,0.1
677,16,0.1
678,9,0.1
678,24,0.1
678,27,0.1
679,1,1.0
679,4,0.2
679,5,0.1
679,7,0.1
679,17,0.1
679,19,0.1
679,24,0.1
680,5,0.1
681,26,0.1
682,3,0.1
682,5,0.1
682,9,0.1
682,15,0.1
682,18,0.8
683,5,0.1
683,11,0.1
684,1,0.6
684,7,0.1
684,8,0.1
684,17,0.1
685,16,0.1
686,3,0.1
686,5,0.1
686,8,0.1
686,23,0.1
688,0,1.0
688,7,0.1
689,5,0.1
689,25,0.1
691,5,0.1
693,4,0.2
695,4,0.2
695,19,0.1
699,19,0.1
700,7,0.1
701,4,0.2
701,8,0.1
701,16,0.1
701,19,0.1
702,8,0.1
702,9,0.1
702,18,0.1
702,23,0.1
703,27,0.1
704,4,0.2
704,5,0.1
704,15,0.1
704,18,0.1
704,24,0.8
704,26,0.1
705,7,0.1
705,18,0.1
705,24,0.8
705,25,0.1
705,26,0.1
706,9,0.1
706,16,0.1
707,5,0.1
707,24,0.1
708,5,0.1
708,14,0.1
708,15,0.1
708,18,0.1
708,24,0.8
708,26,0.1
709,5,0.1
709,15,0.1
709,18,0.1
709,22,0.1
709,24,0.1
710,4,0.2
710,5,0.1
710,7,0.1
710,15,0.1
710,17,0.1
710,18,0.1
710,24,0.1
710,25,0.1
710,26,0.1
711,1,0.1
711,25,0.1
713,0,0.4
713,6,0.1
713,7,0.1
713,11,0.1
713,13,0.1
713,14,0.1
713,16,0.1
713,19,0.1
713,25,0.1
714,8,0.1
714,9,0.1
714,16,0.1
716,1,1.0
716,4,0.2
717,16,0.1
718,5,0.1
718,24,1.0
720,9,0.1
720,26,0.1
721,8,0.1
722,0,1.0
722,7,0.1
725,8,0.1
725,15,0.1
725,18,0.8
726,1,1.0
726,5,0.1
727,3,0.1
727,5,0.1
727,18,0.1
727,24,0.8
727,25,0.1
727,26,0.1
728,4,0.2
728,5,0.1
728,8,0.1
728,24,0.1
730,7,0.1
730,16,0.1
731,2,0.8
731,13,0.1
731,19,0.1
733,3,0.1
733,6,0.1
733,11,0.1
733,13,0.1
733,14,0.1
733,24,0.1
733,25,0.1
734,5,0.1
736,5,0.1
736,6,0.1
736,11,0.1
736,13,0.1
736,15,0.1
736,18,0.1
736,24,1.0
736,25,0.1
739,24,0.1
740,17,0.1
740,19,0.1
741,7,0.1
741,24,0.8
741,25,0.1
742,5,0.1
742,25,0.1
743,17,0.1
743,19,0.1
744,24,0.1
745,4,0.2
745,8,0.1
745,18,0.1
745,24,0.8
747,3,0.1
748,1,1.0
748,3,0.1
748,5,0.1
749,11,0.1
751,5,0.1
751,19,0.1
751,24,0.1
751,25,0.1
751,26,0.1
752,4,0.2
755,4,0.2
755,9,0.1
755,16,0.1
756,2,0.8
756,3,0.1
756,11,0.1
756,13,0.1
756,15,0.1
756,19,0.1
756,24,0.1
757,5,0.1
757,6,0.1
757,8,1.0
757,11,0.1
757,13,0.1
757,25,0.1
758,3,0.1
758,9,0.1
758,22,0.1
759,3,0.1
759,7,0.1
760,1,0.6
760,7,0.1
760,18,0.1
760,25,0.1
761,3,0.1
761,5,0.1
761,7,0.1
761,9,0.1
761,18,0.1
761,22,0.1
763,0,1.0
763,7,0.1
764,3,0.1
764,22,0.1
765,1,0.1
765,3,0.1
765,5,0.1
765,8,0.1
765,9,0.1
766,4,0.2
766,8,0.1
766,16,0.1
767,19,0.1
767,25,0.1
770,5,0.1
770,9,0.1
770,18,0.1
771,2,0.8
771,13,0.1
771,18,0.1
771,19,0.1
771,24,0.1
771,25,0.1
772,3,0.1
772,16,0.1
773,18,0.1
773,19,0.1
774,3,0.1
774,9,0.1
774,22,0.1
775,3,0.1
775,4,0.2
775,5,0.1
775,10,0.1
775,15,0.8
775,16,0.1
775,18,0.1
775,24,0.1
775,25,0.1
775,26,0.1
776,14,0.1
776,19,0.1
777,1,0.6
777,16,0.1
777,26,0.1
779,8,0.1
779,16,0.1
779,18,0.1
781,3,0.1
781,5,0.1
781,6,0.1
781,11,0.1
781,13,0.1
781,25,0.1
782,5,0.1
782,15,0.8
782,18,0.1
782,24,0.1
783,0,1.0
783,7,0.1
784,3,0.1
784,5,0.1
784,7,0.1
784,9,0.1
784,19,0.1
784,24,0.8
786,0,0.4
786,5,0.1
786,15,0.1
786,18,0.1
786,24,1.0
787,0,0.4
787,2,0.8
787,5,0.1
787,10,0.1
787,12,0.1
787,13,0.1
787,24,0.1
787,25,0.1
788,7,0.1
788,8,0.1
788,15,0.1
788,18,0.1
788,24,0.1
788,25,0.1
788,26,0.1
789,8,0.1
789,9,0.1
789,14,0.1
790,0,1.0
790,2,0.8
790,5,0.1
790,7,0.1
790,13,0.1
790,24,0.1
791,5,0.1
791,7,0.1
791,24,0.1
793,0,0.4
793,5,0.1
793,24,0.8
793,26,0.1
795,3,0.1
795,5,0.1
795,7,0.1
795,8,0.1
795,18,0.1
795,24,0.1
795,25,0.1
797,3,0.1
797,9,0.1
798,4,0.2
798,8,0.1
799,1,0.1
799,3,0.1
799,5,0.1
799,7,0.1
799,16,0.1
800,4,0.2
801,5,0.1
801,6,0.1
801,7,0.1
801,10,0.1
801,11,0.1
801,13,0.1
801,18,0.1
801,24,0.1
801,25,0.1
802,4,0.2
802,5,0.1
802,7,0.1
802,19,0.1
803,4,0.2
803,16,0.1
804,18,0.1
805,16,0.1
805,18,0.1
805,27,0.1
806,8,0.1
806,9,0.1
806,16,0.1
807,18,0.1
807,19,0.1
808,18,0.1
809,3,0.1
809,4,0.2
809,5,0.1
809,11,0.1
809,18,0.1
809,19,0.1
809,25,0.1
810,9,0.1
810,27,0.1
811,3,0.1
811,7,0.1
811,10,0.1
812,3,0.1
812,5,0.1
812,7,0.1
813,7,0.1
814,1,1.0
814,15,0.1
814,16,0.1
814,18,1.0
816,0,1.0
816,5,0.1
816,7,0.1
816,19,0.1
816,25,0.1
817,8,0.1
817,19,0.1
817,26,0.1
818,1,0.6
818,3,0.1
818,5,0.1
818,19,0.1
820,5,0.1
820,7,0.1
820,18,0.1
820,23,0.1
820,26,0.1
821,8,0.1
822,1,1.0
822,7,0.1
823,1,1.0
823,5,0.1
823,18,0.1
823,19,0.1
826,3,0.1
826,5,0.1
826,16,0.1
826,19,0.1
826,26,0.1
827,0,0.4
827,5,0.1
827,14,0.1
827,19,0.1
829,3,0.1
829,5,0.1
829,9,0.1
829,16,0.1
830,5,0.1
832,1,1.0
832,4,0.2
834,5,0.1
835,4,0.2
835,16,0.1
837,5,0.1
837,15,0.8
837,18,0.1
839,18,0.1
840,4,0.2
840,6,0.1
840,11,0.1
840,13,0.1
840,15,0.1
840,16,0.1
840,25,0.1
841,3,0.1
841,4,0.2
841,5,0.1
841,8,0.1
841,19,1.0
841,24,0.1
842,0,0.4
842,7,0.1
842,8,0.1
842,24,0.1
843,3,0.1
843,5,0.1
843,18,0.1
845,18,0.1
845,19,0.1
845,22,0.1
846,1,0.6
846,4,0.2
846,16,0.1
846,24,0.1
847,1,0.1
847,3,0.1
847,4,0.2
847,18,0.1
848,1,0.6
848,9,0.1
848,16,0.1
849,16,0.1
851,1,1.0
851,3,0.1
851,7,0.1
852,3,0.1
852,9,0.1
852,18,0.1
853,18,0.1
853,19,0.1
855,16,0.1
855,26,0.1
856,7,0.1
856,16,0.1
858,5,0.1
858,19,0.1
860,8,0.1
860,26,0.1
861,11,0.1
861,19,0.1
861,24,0.1
861,26,0.1
863,3,0.1
863,9,0.1
865,3,0.1
865,6,0.1
865,11,0.1
865,13,0.1
865,25,0.8
866,9,0.1
868,2,0.8
868,9,0.8
868,13,0.1
871,0,0.4
871,24,0.1
871,26,0.1
872,1,0.1
872,3,0.1
872,5,0.1
873,3,0.1
874,1,0.6
874,2,0.8
874,13,0.1
875,2,0.8
875,8,0.1
875,13,0.1
876,4,0.2
876,5,0.1
876,15,0.1
876,16,0.1
876,18,0.1
876,24,0.8
877,11,0.1
878,11,0.1
878,24,0.8
878,26,0.1
879,0,0.6
879,16,0.1
879,19,0.1
879,24,0.1
879,25,0.1
880,4,0.2
880,8,0.1
880,16,0.1
880,27,0.1
881,0,1.0
881,2,0.8
881,5,0.1
881,7,0.1
881,8,0.1
881,12,0.1
881,13,0.1
881,16,0.1
881,19,0.1
881,24,0.1
882,0,0.4
882,5,0.1
882,7,0.1
882,16,0.1
882,19,0.1
883,25,0.1
884,1,1.0
884,3,0.1
884,19,0.1
886,8,0.1
886,24,0.8
887,9,0.1
887,27,0.1
888,7,0.1
888,8,0.1
889,15,0.1
889,18,0.1
889,19,0.1
889,24,0.8
890,5,0.1
890,19,0.1
890,27,0.1
891,3,0.1
891,7,0.1
891,18,0.1
891,19,0.1
891,22,0.1
891,25,0.1
892,9,0.1
892,12,0.1
893,3,0.1
893,9,0.1
893,16,0.1
894,16,0.1
894,19,0.1
894,27,0.1
897,9,0.1
897,16,0.1
897,19,0.1
897,24,0.1
898,3,0.1
898,8,0.1
898,9,0.1
898,19,0.1
899,1,0.1
899,8,0.1
899,16,0.1
899,19,0.1
900,3,0.1
900,9,0.1
900,22,0.1
901,5,0.1
901,15,0.1
901,24,0.8
902,1,0.6
902,7,0.1
903,8,0.1
905,3,0.1
905,7,0.1
905,8,0.1
905,25,0.1
906,19,0.1
906,24,0.1
908,19,0.1
909,1,1.0
909,24,0.1
910,4,0.2
911,11,0.1
911,24,0.8
911,26,0.1
912,7,0.1
912,19,0.1
912,27,0.1
917,3,0.1
917,16,0.1
917,24,0.1
922,5,0.1
922,7,0.1
922,19,0.1
922,24,1.0
922,26,0.1
923,3,0.1
923,9,0.1
923,19,0.1
923,22,0.1
924,4,0.2
924,8,0.1
924,16,0.1
927,5,0.1
928,5,0.1
928,15,0.1
931,3,0.1
931,19,1.0
932,5,0.1
932,19,0.1
932,24,0.1
933,3,0.1
933,9,0.1
933,16,0.1
933,17,0.1
933,19,0.1
934,20,0.1
935,5,0.1
935,8,0.1
935,24,0.1
936,11,0.1
936,18,0.1
936,23,0.1
936,26,0.1
938,4,0.2
938,16,0.1
938,22,0.1
939,0,0.4
939,3,0.1
939,7,0.1
939,18,0.1
940,7,0.1
941,0,1.0
941,4,0.2
941,11,0.1
941,15,0.1
941,18,0.1
941,19,0.1
941,24,0.1
942,3,0.1
942,4,0.2
942,16,0.1
943,16,0.1
943,27,0.1
944,1,0.6
944,5,0.1
944,24,0.1
945,16,0.1
946,2,0.8
946,13,0.1
947,0,1.0
947,4,0.2
947,8,1.0
947,15,0.1
947,19,0.1
948,17,0.1
948,19,0.1
950,0,1.0
950,2,0.8
950,4,0.2
950,5,0.1
950,13,0.1
950,18,0.1
950,19,0.1
952,0,1.0
952,8,0.1
953,4,0.2
956,8,0.1
956,19,0.1
957,1,1.0
957,7,0.1
957,12,0.1
958,5,0.1
958,19,0.1
959,7,0.1
959,15,0.1
960,0,0.4
960,2,0.8
960,7,0.1
960,12,0.1
960,13,0.1
960,16,0.1
960,18,0.1
960,19,0.1
961,4,0.2
961,15,0.1
961,18,0.8
962,4,0.2
962,16,0.1
962,22,0.1
963,18,0.1
964,1,0.1
964,4,0.2
964,5,0.1
964,7,0.1
964,19,0.1
965,16,0.1
966,3,0.1
967,2,0.8
967,5,0.1
967,13,0.1
967,14,0.1
967,16,0.1
969,4,0.2
969,7,0.1
969,24,0.1
970,1,0.6
970,2,0.8
970,3,0.1
970,5,0.1
970,13,0.1
973,1,0.6
973,3,0.1
973,24,0.1
973,27,0.1
974,5,0.1
974,22,0.1
976,0,1.0
976,7,0.1
976,8,0.1
976,15,0.1
977,3,0.1
977,5,0.1
977,8,0.1
977,15,0.1
977,25,0.1
978,8,0.1
978,11,0.1
978,18,0.1
978,24,0.1
978,25,0.1
980,9,0.1
981,3,0.1
981,9,0.1
981,15,0.1
981,16,0.1
981,19,0.1
981,22,0.1
982,0,1.0
982,3,0.1
982,9,0.1
984,17,0.1
984,19,0.1
985,27,0.1
986,1,1.0
986,7,0.1
989,2,0.8
989,9,0.1
989,19,1.0
990,1,0.1
990,5,0.1
990,19,0.1
991,1,0.6
991,2,0.8
991,3,0.1
991,13,0.1
991,14,0.1
992,1,1.0
992,8,0.1
992,27,0.1
993,1,0.1
993,3,0.1
993,5,0.1
993,8,0.1
994,3,0.1
994,5,0.1
994,9,0.1
994,18,0.1
994,19,0.1
995,3,0.1
995,5,0.1
995,18,0.1
995,19,0.1
995,24,0.1
995,25,0.1
996,8,0.1
996,18,0.1
998,2,0.8
998,7,0.1
998,13,0.1
998,18,0.1
998,19,0.1
999,4,0.2
999,5,0.1
999,16,0.1
999,17,0.1
999,19,0.1
1000,2,0.1
1000,19,0.8
1000,27,0.1
1003,3,0.1
1003,9,0.1
1005,19,0.1
1005,25,0.1
1005,27,0.1
1006,1,0.1
1006,7,0.1
1006,15,0.1
1006,19,0.1
1007,1,1.0
1007,5,0.1
1007,8,0.1
1007,24,0.1
1009,3,0.1
1009,4,0.2
1009,8,0.1
1009,22,0.1
1010,3,0.1
1010,9,0.1
1010,15,0.1
1010,24,0.1
1011,19,0.1
1013,0,1.0
1013,5,0.1
1013,8,0.1
1013,9,0.1
1014,2,0.8
1014,13,0.1
1014,15,0.1
1014,18,1.0
1014,19,0.1
1015,5,0.1
1015,24,0.1
1016,9,0.1
1017,2,0.8
1017,5,0.1
1017,13,0.1
1017,25,0.1
1018,18,0.1
1018,26,0.1
1019,15,0.1
1019,19,0.1
1020,1,0.6
1020,3,0.1
1020,7,0.1
1022,7,0.1
1022,8,0.1
1026,0,1.0
1026,19,0.1
1028,3,0.1
1028,16,0.1
1028,19,0.1
1028,27,0.1
1030,2,0.1
1030,3,0.1
1030,4,0.2
1031,3,0.1
1031,5,0.1
1031,16,0.1
1034,15,0.1
1034,18,1.0
1035,1,0.6
1035,7,0.1
1035,27,0.1
1036,27,0.1
1037,2,0.8
1037,3,0.1
1037,13,0.1
1038,1,1.0
1038,19,0.1
1039,3,0.1
1039,5,0.1
1039,7,0.1
1039,18,0.1
1040,0,1.0
1040,16,0.1
1040,17,0.1
1040,19,0.1
1041,0,1.0
1041,15,0.1
1042,0,0.4
1042,1,0.6
1042,3,0.1
1042,19,0.1
1044,0,1.0
1044,8,0.1
1047,3,0.1
1047,27,0.1
1050,8,0.1
1050,16,0.1
1050,17,0.1
1050,19,0.1
1051,5,0.1
1052,19,0.1
1053,3,0.1
1053,9,0.1
1053,16,0.1
1053,22,0.1
1054,25,0.1
1055,1,0.6
1055,9,0.1
1055,18,0.1
1055,23,0.1
1055,25,0.1
1056,5,0.1
1056,8,0.1
1056,27,0.1
1057,1,1.0
1057,2,0.8
1057,3,0.1
1057,13,0.1
1057,14,0.1
1057,18,0.1
1057,27,0.1
1058,5,0.1
1058,18,0.1
1058,24,0.1
1060,3,0.1
1060,9,0.1
1060,14,0.1
1060,16,0.1
1060,22,0.1
1061,3,0.1
1061,4,0.2
1061,5,0.1
1061,27,0.1
1062,2,0.8
1062,8,0.1
1062,13,0.1
1063,9,0.1
1063,27,0.1
1064,7,0.1
1064,10,0.1
1065,2,0.8
1065,13,0.1
1065,26,0.1
1066,2,0.8
1066,5,0.1
1066,13,0.1
1066,15,0.1
1066,18,0.1
1069,9,0.1
1070,0,0.4
1070,1,0.1
1070,3,0.1
1070,7,0.1
1070,8,0.1
1070,16,0.1
1070,17,0.1
1071,0,1.0
1072,7,0.1
1072,15,0.1
1072,16,0.1
1073,3,0.1
1073,5,0.1
1073,8,0.1
1073,19,0.1
1075,0,1.0
1075,3,0.1
1075,8,0.1
1076,10,0.1
1077,3,0.1
1077,6,0.1
1077,9,0.1
1077,11,0.1
1077,13,0.1
1077,19,0.1
1077,25,0.1
1077,27,0.1
1078,24,0.1
1079,1,0.6
1079,5,0.1
1079,7,0.1
1080,5,0.1
1080,9,0.1
1080,26,0.1
1081,0,1.0
1081,2,0.8
1081,8,0.1
1081,13,0.1
1081,19,0.1
1081,26,0.1
1082,7,0.1
1082,8,0.1
1082,19,0.1
1083,0,1.0
1083,4,0.2
1083,5,0.1
1083,7,0.1
1083,25,0.1
1083,26,0.1
1085,9,0.1
1086,24,0.1
1087,2,0.1
1087,5,0.1
1087,15,0.1
1087,18,0.1
1087,19,0.1
1087,24,0.8
1088,7,0.1
1088,25,0.1
1089,0,0.6
1089,26,0.1
1090,1,0.6
1090,5,0.1
1090,26,0.1
1091,9,0.1
1091,27,0.1
1093,0,1.0
1093,1,1.0
1093,5,0.1
1093,25,0.1
1094,9,0.1
1095,1,1.0
1095,3,0.1
1095,5,0.1
1095,8,0.1
1095,16,0.1
1095,19,0.1
1098,2,0.8
1098,3,0.1
1098,11,0.1
1098,13,0.1
1098,14,0.1
1098,18,0.1
1098,19,0.1
1098,23,0.1
1098,25,0.1
1100,19,0.1
1101,2,0.8
1101,11,0.1
1101,13,0.1
1101,18,0.1
1102,7,0.1
1103,1,0.1
1103,9,0.1
1103,16,0.1
1103,24,0.1
1103,27,0.1
1104,0,0.4
1104,4,0.2
1104,5,0.1
1104,15,0.1
1104,18,0.1
1104,19,0.1
1105,3,0.1
1105,9,0.8
1105,18,0.1
1106,4,0.2
1106,7,0.1
1106,8,0.1
1107,5,0.1
1107,15,0.8
1107,16,0.1
1107,18,1.0
1108,8,0.1
1108,25,0.1
1109,5,0.1
1109,8,0.1
1109,19,0.1
1110,2,0.8
1110,6,0.1
1110,8,0.1
1110,11,0.1
1110,13,0.8
1110,24,0.1
1110,25,0.8
1111,3,0.1
1112,4,0.2
1112,15,0.1
1112,16,0.1
1112,27,0.1
1114,5,0.1
1114,7,0.1
1115,2,0.8
1115,3,0.1
1115,7,0.1
1115,13,0.1
1115,25,0.1
1115,26,0.1
1116,8,0.1
1116,18,0.1
1117,4,0.2
1117,9,0.1
1117,15,0.1
1117,18,0.1
1118,2,0.8
1118,5,0.1
1118,8,0.1
1118,11,0.1
1118,13,0.1
1118,18,0.1
1118,19,0.1
1118,23,0.1
1118,25,0.1
1118,27,0.1
1119,7,0.1
1120,5,0.1
1121,1,0.6
1121,18,0.1
1121,19,0.1
1121,24,0.1
1121,26,0.1
1123,3,0.1
1123,9,0.1
1123,22,0.1
1124,1,0.6
1124,2,0.8
1124,13,0.1
1125,8,0.1
1126,17,0.1
1128,3,0.1
1128,4,0.2
1129,18,0.1
1129,19,0.1
1130,5,0.1
1130,9,0.1
1130,26,0.1
1131,5,0.1
1131,8,0.1
1131,15,0.1
1131,18,0.1
1131,24,0.1
1131,25,0.1
1131,26,0.1
1132,4,0.2
1132,7,0.1
1132,8,0.1
1132,15,0.1
1132,18,0.1
1132,19,0.1
1132,27,0.1
1134,15,0.1
1134,23,0.1
1134,26,0.1
1135,1,1.0
1135,7,0.1
1135,15,0.1
1135,16,0.1
1136,15,0.1
1136,18,0.8
1137,2,0.8
1137,5,0.1
1137,10,0.1
1137,13,0.1
1137,18,0.1
1137,24,0.1
1137,25,0.1
1137,26,0.1
1138,14,0.1
1138,19,0.1
1139,15,0.1
1140,8,0.1
1141,5,0.1
1141,9,0.1
1143,9,0.1
1143,15,0.1
1143,18,0.8
1144,5,0.1
1145,5,0.1
1146,19,0.1
1146,24,1.0
1147,5,0.1
1147,11,0.1
1147,16,0.1
1147,18,0.1
1148,0,1.0
1148,5,0.1
1148,7,0.1
1149,4,0.2
1149,7,0.1
1150,15,0.1
1150,18,0.1
1150,24,0.1
1151,3,0.1
1151,9,0.1
1151,11,0.1
1151,16,0.1
1151,22,0.1
1152,1,0.1
1152,16,0.1
1153,16,0.1
1153,17,0.1
1153,24,0.1
1154,7,0.1
1154,8,0.1
1154,18,0.1
1154,19,0.1
1154,24,0.1
1154,25,0.1
1155,7,0.1
1155,18,0.1
1155,26,0.1
1157,1,0.6
1157,8,0.1
1157,16,0.1
1158,3,0.1
1158,9,0.1
1158,16,0.1
1158,22,0.8
1159,5,0.1
1159,9,0.1
1159,25,0.1
1159,27,0.1
1160,3,0.1
1160,9,0.1
1160,11,0.1
1161,0,0.4
1161,2,0.8
1161,3,0.1
1161,6,0.1
1161,11,0.1
1161,13,0.8
1161,18,0.1
1161,25,0.8
1161,26,0.1
1162,0,0.4
1162,1,0.6
1162,4,0.2
1162,5,0.1
1162,7,0.1
1162,15,0.8
1162,18,0.1
1162,19,0.1
1163,3,0.1
1163,4,0.2
1163,5,0.1
1163,8,1.0
1163,16,0.1
1163,19,0.1
1164,9,0.1
1164,19,0.1
1165,7,0.1
1165,18,0.1
1166,7,0.1
1166,8,0.1
1166,9,0.1
1166,16,0.1
1166,24,0.1
1166,27,0.1
1167,8,0.1
1167,18,0.1
1167,27,0.1
1168,9,0.1
1168,11,0.1
1168,24,0.1
1168,26,0.1
1170,16,0.1
1170,25,0.1
1172,5,0.1
1172,17,0.1
1172,18,0.1
1173,16,0.1
1174,3,0.1
1174,4,0.2
1174,7,0.1
1174,18,0.1
1174,24,0.1
1174,25,0.1
1176,0,1.0
1176,1,0.1
1176,3,0.1
1176,5,0.1
1176,7,0.1
1176,15,0.1
1176,19,0.1
1178,3,0.1
1178,24,0.1
1178,27,0.1
1179,2,0.1
1179,4,0.2
1179,19,0.1
1180,3,0.1
1180,4,0.2
1180,16,0.1
1181,19,0.1
1182,9,0.1
1182,11,0.1
1183,9,0.1
1183,15,0.1
1184,5,0.1
1184,7,0.1
1184,14,0.1
1184,19,0.1
1184,25,0.1
1185,3,0.1
1185,9,0.1
1185,16,0.1
1185,22,0.1
1185,27,0.1
1186,8,0.1
1187,2,0.8
1187,3,0.1
1187,13,0.1
1187,18,0.1
1187,27,0.1
1189,3,0.1
1189,7,0.1
1189,15,0.1
1189,16,0.1
1189,18,0.1
1189,24,0.1
1191,11,0.1
1192,5,0.1
1192,7,0.1
1192,16,0.1
1192,18,0.1
1192,24,0.1
1193,0,0.4
1193,2,0.8
1193,4,1.0
1193,7,0.1
1193,13,0.1
1193,15,0.1
1193,19,0.1
1195,15,0.1
1195,18,1.0
1195,25,0.1
1196,0,1.0
1196,5,0.1
1196,8,0.1
1198,8,0.1
1198,17,0.1
1198,19,0.1
1199,0,1.0
1199,5,0.1
1199,8,0.1
1199,15,0.1
1199,19,0.1
1200,15,0.1
1200,18,0.1
1201,3,0.1
1201,24,0.1
1201,27,0.1
1202,3,0.1
1202,8,0.1
1204,5,0.1
1204,6,0.1
1204,11,0.1
1204,13,0.1
1204,24,0.1
1204,25,0.8
1204,26,0.1
1205,25,0.1
1206,3,0.1
1206,9,0.1
1206,11,0.1
1206,22,0.1
1207,4,0.2
1207,5,0.1
1207,6,0.1
1207,11,0.1
1207,13,0.1
1207,15,0.1
1207,16,0.1
1207,19,0.1
1207,22,0.1
1207,25,0.1
1207,27,0.1
1208,7,0.1
1208,10,0.1
1208,15,0.1
1208,19,0.1
1209,0,0.4
1209,2,0.8
1209,3,0.1
1209,5,0.1
1209,7,0.1
1209,8,0.1
1209,12,0.1
1209,13,0.1
1209,17,0.1
1209,18,0.1
1210,19,0.1
1211,4,0.2
1211,24,0.1
1211,27,0.1
1212,3,0.1
1212,9,0.1
1212,22,0.1
1214,0,1.0
1214,5,0.1
1214,8,0.1
1214,15,0.1
1215,5,1.0
1215,14,0.1
1215,27,0.1
1217,9,0.1
1217,18,0.1
1218,1,1.0
1218,8,0.1
1218,15,0.1
1220,5,0.1
1221,8,0.1
1221,25,0.1
1222,18,0.1
1223,5,0.1
1223,15,0.1
1223,25,0.1
1224,0,0.4
1224,3,0.1
1224,5,0.1
1224,16,0.1
1224,24,0.1
1224,25,0.1
1225,3,0.1
1225,5,0.1
1225,7,0.1
1225,8,0.1
1225,19,0.1
1226,1,1.0
1226,2,0.8
1226,8,0.1
1226,13,0.1
1226,14,0.1
1226,15,0.1
1226,19,0.1
1228,0,0.4
1228,1,1.0
1228,4,0.2
1228,6,0.1
1228,8,0.1
1228,11,0.1
1228,13,0.1
1228,15,0.1
1228,19,0.1
1228,25,0.1
1228,26,0.1
1229,14,0.1
1232,5,0.1
1232,7,0.1
1232,22,0.1
1233,19,0.1
1234,10,0.1
1234,26,0.1
1236,2,0.1
1236,9,0.1
1237,3,0.1
1237,4,0.2
1237,7,0.1
1237,8,0.1
1239,1,0.6
1239,2,0.1
1239,5,0.1
1239,16,0.1
1239,18,0.1
1240,1,1.0
1240,3,0.1
1240,5,0.1
1240,16,0.1
1241,2,0.1
1241,3,0.1
1241,10,0.1
1242,4,1.0
1242,16,0.1
1243,4,0.2
1243,16,0.1
1244,5,0.1
1244,8,0.1
1244,15,0.1
1244,25,0.1
1245,15,0.1
1245,18,1.0
1245,25,0.1
1245,26,0.1
1246,7,0.1
1246,11,0.1
1246,15,0.1
1246,18,0.8
1246,21,0.1
1246,24,0.1
1250,8,0.1
1250,9,0.1
1250,18,0.1
1250,19,0.1
1251,19,0.1
1252,3,0.1
1252,9,0.1
1254,2,0.8
1254,3,0.1
1254,13,0.1
1255,1,0.1
1255,5,0.1
1255,8,0.1
1255,27,0.1
1258,5,0.1
1258,6,0.1
1258,7,0.1
1258,8,0.1
1258,10,0.1
1258,11,0.1
1258,13,0.1
1258,24,0.1
1258,25,0.1
1259,8,0.1
1259,9,0.1
1259,24,0.1
1261,9,0.1
1261,16,0.1
1263,4,0.2
1263,8,0.1
1263,10,0.1
1263,15,0.1
1266,8,0.1
1267,4,0.2
1267,5,0.1
1267,8,0.1
1267,10,0.1
1267,19,0.1
1268,3,0.1
1268,4,0.2
1268,8,0.1
1268,16,0.1
1268,18,0.1
1270,5,0.1
1270,27,0.1
1272,5,0.1
1275,3,0.1
1275,7,0.1
1275,19,0.1
1276,3,0.1
1276,5,0.1
1276,18,0.1
1276,19,0.1
1277,1,0.1
1277,4,0.2
1277,16,0.1
1277,24,0.1
1278,0,1.0
1278,2,0.8
1278,4,0.2
1278,13,0.1
1278,16,0.1
1278,18,0.1
1279,1,1.0
1279,4,0.2
1279,8,0.1
1281,22,0.1
1282,1,0.6
1282,8,0.1
1282,9,0.1
1282,14,0.1
1283,3,0.1
1284,18,0.1
1284,26,0.1
1285,5,0.1
1286,1,0.6
1286,2,0.8
1286,3,0.1
1286,7,0.1
1286,13,0.1
1286,19,0.1
1286,25,0.1
1287,19,0.1
1287,22,0.1
1289,18,0.1
1290,0,0.6
1290,1,0.6
1290,3,0.1
1290,17,0.1
1291,0,1.0
1292,1,0.6
1292,25,0.1
1293,0,0.4
1293,15,0.1
1293,17,0.1
1293,24,0.1
1294,14,0.1
1295,9,0.1
1300,9,0.1
1301,24,0.1
1301,26,0.1
1305,0,0.6
1305,3,0.1
1305,4,0.2
1305,5,0.1
1305,7,0.1
1305,8,0.1
1305,18,0.1
1305,19,0.1
1307,0,0.4
1307,5,0.1
1310,8,0.1
1310,16,0.1
1310,18,0.1
1311,1,1.0
1311,3,0.1
1311,7,0.1
1311,8,0.1
1311,14,0.1
1311,19,0.1
1311,27,0.1
1312,3,0.1
1312,5,0.1
1312,8,0.1
1313,5,0.1
1313,16,0.1
1313,26,0.1
1313,27,0.1
1319,5,0.1
1319,8,0.1
1319,15,0.1
1322,9,0.1
1322,19,0.1
1325,3,0.1
1325,5,0.1
1325,8,0.1
1325,9,0.1
1325,19,0.1
1325,24,0.8
1326,3,0.1
1326,5,0.1
1326,9,0.1
1327,1,0.1
1327,7,0.1
1327,16,0.1
1327,18,0.1
1327,19,0.1
1327,24,0.1
1327,27,0.1
1328,0,0.4
1328,16,0.1
1328,23,0.1
1329,0,0.4
1329,1,0.1
1329,7,0.1
1329,14,0.1
1329,19,0.1
1331,24,0.1
1332,3,0.1
1332,16,0.1
1334,7,0.1
1334,16,0.1
1335,0,0.6
1335,14,0.1
1335,19,0.1
1336,1,1.0
1336,5,0.1
1336,7,0.1
1336,16,0.1
1336,24,0.1
1337,3,0.1
1338,7,0.1
1338,18,0.1
1339,6,0.1
1339,11,0.1
1339,13,0.1
1339,19,0.1
1339,25,0.1
1339,26,0.1
1340,5,0.1
1340,7,0.1
1341,1,0.1
1341,5,0.1
1341,7,0.1
1341,24,0.1
1341,27,0.1
1342,9,0.1
1342,19,0.1
1343,1,1.0
1344,3,0.1
1346,14,0.1
1348,5,0.1
1348,19,0.1
1348,27,0.1
1349,1,1.0
1349,7,0.1
1349,25,0.1
1350,1,1.0
1350,5,0.1
1350,11,0.1
1350,24,0.1
1350,26,0.1
1351,8,0.1
1351,9,0.1
1351,14,0.1
1352,1,0.1
1352,9,0.1
1352,16,0.1
1353,16,0.1
1354,9,0.1
1357,5,0.1
1360,3,0.1
1360,9,0.1
1360,22,0.1
1360,25,0.1
1361,5,1.0
1361,16,0.1
1361,19,0.1
1361,25,0.1
1362,19,0.1
1363,5,0.1
1363,7,0.1
1363,10,0.1
1363,18,0.1
1363,24,1.0
1363,25,0.1
1364,18,0.1
1364,22,0.1
1365,5,0.1
1366,8,1.0
1366,9,0.1
1366,27,0.1
1367,2,0.1
1367,3,0.1
1367,5,0.1
1367,14,0.1
1367,25,0.1
1368,5,0.1
1368,24,0.1
1368,26,0.1
1369,5,0.1
1369,15,0.1
1369,18,0.1
1369,25,0.1
1369,26,0.1
1370,5,0.1
1370,6,0.1
1370,10,0.1
1370,11,0.1
1370,13,0.1
1370,15,0.1
1370,18,0.1
1370,19,0.1
1370,22,0.1
1370,24,0.1
1370,25,0.8
1370,26,0.1
1372,9,0.1
1373,1,0.1
1373,14,0.1
1373,25,0.1
1373,26,0.1
1374,4,0.2
1374,17,0.1
1374,24,0.1
1375,18,0.1
1376,1,1.0
1376,3,0.1
1376,5,1.0
1376,7,0.1
1376,8,0.1
1377,5,0.1
1377,7,0.1
1378,3,0.1
1378,7,0.1
1378,8,0.1
1379,16,0.1
1380,9,0.1
1380,19,0.1
1381,5,0.1
1381,7,0.1
1382,9,0.1
1382,27,0.1
1383,1,1.0
1383,12,0.1
1383,19,0.1
1383,25,0.1
1383,26,0.1
1384,2,0.8
1384,3,0.1
1384,5,0.1
1384,13,0.1
1386,5,0.1
1386,9,0.1
1386,24,0.1
1387,0,0.4
1387,1,1.0
1387,4,0.2
1387,7,0.1
1387,8,0.1
1387,16,0.1
1387,22,0.1
1387,25,0.1
1389,5,0.1
1390,1,0.6
1390,3,0.1
1390,18,0.1
1390,25,0.1
1390,26,0.1
1391,8,0.1
1391,15,0.1
1391,16,0.1
1391,18,0.1
1391,26,0.1
1392,0,0.4
1392,1,1.0
1392,15,0.1
1392,16,0.1
1392,17,0.1
1392,19,0.1
1393,5,0.1
1396,18,0.1
1397,15,0.1
1398,8,0.1
1398,16,0.1
1399,5,0.1
1399,9,0.1
1399,27,0.1
1400,2,0.8
1400,3,0.1
1400,13,0.1
1400,15,0.8
1400,18,0.1
1401,0,0.4
1401,7,0.1
1402,2,0.8
1402,14,0.1
1402,24,0.1
1403,16,0.1
1404,1,0.1
1404,8,0.1
1404,24,0.1
1407,9,0.1
1407,27,0.1
1408,1,0.1
1408,5,0.1
1408,8,0.1
1409,3,0.1
1409,5,0.1
1409,19,0.1
1410,8,0.1
1410,19,0.1
1411,1,0.1
1411,27,0.1
1413,4,0.2
1413,18,0.1
1413,27,0.1
1414,5,0.1
1414,8,0.1
1414,26,0.1
1415,19,0.1
1415,25,0.1
1417,25,0.1
1419,3,0.1
1419,17,0.1
1419,26,0.1
1419,27,0.1
1421,5,0.1
1423,5,0.1
1423,7,0.1
1423,25,0.1
1424,3,0.1
1424,9,0.1
1424,16,0.1
1424,22,0.8
1424,25,0.1
1426,9,0.1
1427,1,0.6
1427,3,0.1
1427,5,0.1
1427,25,0.1
1427,27,0.1
1428,3,0.1
1428,7,1.0
1428,16,0.1
1429,18,0.1
1431,1,1.0
1431,7,0.1
1431,25,0.1
1432,16,0.1
1433,9,0.1
1434,3,0.1
1434,19,0.1
1435,5,0.1
1436,4,0.2
1436,7,0.1
1436,14,0.1
1437,9,0.1
1438,5,0.1
1438,24,0.1
1439,4,0.2
1440,5,0.1
1440,7,0.1
1441,0,0.6
1441,3,0.1
1441,7,0.1
1441,8,0.1
1441,17,0.1
1441,19,0.1
1441,23,0.1
1442,4,0.2
1442,8,0.1
1443,1,1.0
1443,2,0.8
1443,3,0.1
1443,6,0.1
1443,7,0.1
1443,11,0.1
1443,13,0.8
1443,25,0.8
1444,5,0.1
1444,8,0.1
1446,15,0.1
1446,18,0.8
1447,3,0.1
1447,5,0.1
1448,1,1.0
1448,3,0.1
1448,25,0.1
1448,26,0.1
1449,0,0.6
1449,10,0.1
1449,16,0.1
1449,18,0.1
1450,18,0.1
1452,7,0.1
1452,27,0.1
1453,2,0.1
1453,9,0.1
1453,19,0.1
1453,25,0.1
1454,7,0.1
1454,16,0.1
1456,1,1.0
1456,7,0.1
1456,8,0.1
1456,24,0.1
1456,27,0.1
1457,3,0.1
1457,9,0.1
1457,11,0.1
1457,22,0.1
1458,5,0.1
1458,19,0.1
1460,1,0.6
1460,9,0.1
1461,9,0.1
1461,17,0.1
1461,19,0.8
1462,7,0.1
1462,18,0.1
1463,3,0.1
1463,9,0.1
1463,27,0.1
1465,1,0.1
1465,7,0.1
1465,9,0.1
1465,16,0.1
1466,16,0.1
1466,18,0.1
1466,24,0.1
1468,5,0.1
1468,8,0.1
1468,9,0.1
1469,0,0.4
1469,4,0.2
1469,15,0.1
1469,24,0.1
1470,3,0.1
1470,5,0.1
1470,10,0.1
1470,11,0.1
1470,24,0.8
1470,26,0.1
1471,10,0.1
1471,24,0.1
1472,3,0.1
1472,5,0.1
1472,8,0.1
1472,17,0.1
1472,24,0.1
1474,4,0.2
1474,7,0.1
1475,5,0.1
1475,8,0.1
1475,14,0.1
1475,15,0.1
1475,18,0.1
1475,19,0.1
1475,24,0.1
1475,25,0.1
1477,3,0.1
1478,5,0.1
1478,8,0.1
1478,15,0.1
1478,18,0.8
1479,6,0.1
1479,11,0.1
1479,13,0.1
1479,14,0.1
1479,25,0.1
1480,5,0.1
1480,25,0.1
1481,18,0.1
1481,25,0.1
1482,3,0.1
1482,4,0.2
1482,14,0.1
1482,18,0.1
1482,25,0.1
1483,5,0.1
1483,8,0.1
1483,10,0.1
1483,15,0.1
1483,18,0.1
1483,24,0.1
1483,25,0.1
1483,26,0.1
1485,8,0.1
1485,14,0.1
1486,5,0.1
1486,18,0.1
1486,19,0.1
1486,25,0.1
1487,9,0.1
1487,19,0.1
1488,1,1.0
1488,5,0.1
1488,16,0.1
1488,19,0.1
1488,24,0.1
1488,25,0.1
1489,3,0.1
1489,9,0.1
1489,16,0.1
1490,18,0.1
1491,2,0.8
1491,5,0.1
1491,13,0.1
1491,24,0.1
1491,25,0.1
1493,1,0.6
1493,3,0.1
1493,9,0.1
1493,22,0.1
1497,8,0.1
1497,27,0.1
1499,4,0.2
1499,27,0.1
1501,3,0.1
1501,11,0.1
1501,14,0.1
1501,25,0.1
1504,0,1.0
1504,1,0.1
1504,2,0.8
1504,13,0.1
1504,15,0.1
1504,19,0.1
1504,25,0.1
1505,2,0.1
1505,3,0.1
1505,5,0.1
1505,14,0.1
1505,25,0.1
1506,5,0.1
1507,3,0.1
1507,9,0.1
1508,8,0.1
1508,9,0.1
1508,15,0.1
1512,0,0.4
1512,3,0.1
1512,16,0.1
1513,12,0.1
1513,19,0.1
1514,4,0.2
1514,16,0.1
1514,24,0.1
1516,4,0.2
1516,8,0.1
1516,19,0.1
1517,3,0.1
1518,0,1.0
1518,5,0.1
1518,8,0.1
1518,19,0.1
1519,0,0.6
1519,4,0.2
1519,5,0.1
1519,7,0.1
1519,15,0.1
1519,18,0.1
1519,19,0.1
1520,9,0.1
1521,5,0.1
1521,24,0.1
1522,5,0.1
1522,16,0.1
1522,17,0.1
1522,27,0.1
1523,0,0.4
1523,3,0.1
1523,5,0.1
1523,16,0.1
1524,19,0.1
1527,8,0.1
1527,25,0.1
1528,8,0.1
1528,9,0.1
1528,19,0.1
1528,28,0.1
1529,6,0.1
1529,8,0.1
1529,11,0.1
1529,13,0.1
1529,25,0.1
1530,5,0.1
1530,14,0.1
1530,24,0.8
1532,14,0.1
1532,16,0.1
1533,3,0.1
1533,9,0.1
1533,14,0.1
1533,15,0.1
1533,19,0.1
1534,5,0.1
1534,7,0.1
1534,15,0.1
1534,18,0.1
1535,5,0.1
1535,17,0.1
1535,27,0.1
1536,5,0.1
1536,15,0.1
1536,18,0.1
1536,24,0.8
1536,25,0.1
1536,26,0.1
1539,16,0.1
1541,3,0.1
1541,15,0.1
1544,1,1.0
1544,2,0.1
1544,3,0.1
1545,1,0.1
1545,2,0.8
1545,5,0.1
1545,8,1.0
1545,13,0.1
1546,0,1.0
1546,2,0.8
1546,4,0.2
1546,5,0.1
1546,7,0.1
1546,13,0.1
1546,15,0.1
1546,19,0.1
1547,5,0.1
1547,15,0.1
1547,18,0.1
1547,24,0.8
1548,3,0.1
1548,5,0.1
1549,9,0.1
1549,14,0.1
1550,2,0.8
1550,3,0.1
1550,4,0.2
1550,13,0.1
1550,14,0.1
1550,17,0.1
1550,19,0.1
1552,1,0.1
1552,5,0.1
1552,7,0.1
1552,18,0.1
1552,24,0.1
1552,25,0.1
1553,5,0.1
1553,8,0.1
1553,16,0.1
1554,4,0.2
1554,8,0.1
1555,8,0.1
1555,9,0.1
1555,19,0.1
1556,1,0.6
1556,5,0.1
1556,19,0.1
1558,1,1.0
1558,8,0.1
1558,19,0.1
1559,4,0.2
1560,5,0.1
1560,8,0.1
1560,12,0.1
1560,25,0.1
1561,4,0.2
1561,5,0.1
1561,24,0.1
1561,25,0.1
1562,4,0.2
1562,8,0.1
1563,3,0.1
1563,4,0.2
1564,4,0.2
1564,19,0.1
1565,19,0.1
1566,2,0.8
1566,5,0.1
1566,8,0.1
1566,13,0.1
1566,14,0.1
1567,1,0.1
1567,5,0.1
1567,8,0.1
1567,10,0.1
1567,18,0.1
1567,25,0.1
1568,5,0.1
1568,19,0.1
1568,25,0.1
1568,27,0.1
1569,5,0.1
1569,25,0.1
1570,5,0.1
1570,24,0.1
1571,8,0.1
1571,19,0.1
1571,26,0.1
1571,27,0.1
1572,5,0.1
1572,27,0.1
1573,1,0.1
1573,3,0.1
1573,8,0.1
1573,9,0.1
1574,5,0.1
1574,8,0.1
1574,27,0.1
1575,9,0.1
1576,14,0.1
1576,27,0.1
1578,18,0.1
1578,22,0.1
1579,18,0.1
1579,25,0.1
1581,5,0.1
1583,24,0.1
1583,26,0.1
1584,2,0.8
1584,7,0.1
1584,11,0.1
1584,13,0.1
1584,14,0.1
1584,25,0.1
1584,26,0.1
1584,27,0.1
1585,0,1.0
1585,2,0.8
1585,4,0.2
1585,7,0.1
1585,8,0.1
1585,13,0.1
1585,15,0.8
1585,18,0.1
1585,19,0.1
1586,14,0.1
1586,27,0.1
1587,2,0.8
1587,7,0.1
1587,13,0.1
1587,17,0.1
1587,25,0.1
1588,5,0.1
1588,9,0.1
1588,19,0.1
1590,18,0.1
1591,0,0.6
1591,6,0.1
1591,8,0.1
1591,11,0.1
1591,13,0.1
1591,18,0.1
1591,25,0.1
1592,9,0.1
1592,10,0.1
1593,9,0.1
1594,25,0.1
1595,5,0.1
1595,16,0.1
1595,19,0.1
1596,9,0.1
1596,10,0.1
1597,3,0.1
1597,19,0.1
1598,2,0.8
1599,5,0.1
1599,6,0.1
1599,11,0.1
1599,13,0.1
1599,18,0.1
1599,24,1.0
1599,25,0.1
1600,18,0.1
1601,5,0.1
1603,4,0.2
1603,7,0.1
1603,16,0.1
1604,2,0.8
1604,5,0.1
1604,13,0.1
1604,27,0.1
1605,4,0.2
1605,7,0.1
1605,24,0.1
1606,5,0.1
1606,25,0.1
1607,24,0.1
1609,9,0.1
1609,24,0.1
1610,0,0.4
1610,7,0.1
1612,14,0.1
1613,3,0.1
1613,4,0.2
1613,8,0.1
1613,15,0.1
1614,18,0.1
1615,5,0.1
1618,0,1.0
1618,5,0.1
1618,7,0.1
1619,9,0.1
1619,24,0.1
1621,5,0.1
1621,11,0.1
1621,18,0.1
1621,24,0.1
1621,25,0.1
1621,26,1.0
1623,2,0.8
1623,3,0.1
1623,13,0.1
1624,3,0.1
1624,5,0.1
1624,19,0.1
1625,2,0.8
1625,5,0.1
1625,24,0.1
1625,27,0.1
1627,3,0.1
1627,9,0.1
1627,16,0.1
1627,22,0.1
1628,14,0.1
1628,19,0.1
1629,2,0.8
1629,13,0.1
1630,7,0.1
1630,8,0.1
1630,14,0.1
1631,5,0.1
1631,8,0.1
1631,15,0.1
1631,18,0.1
1631,24,0.1
1631,25,0.1
1632,3,0.1
1632,4,0.2
1632,5,0.1
1632,15,0.1
1632,18,0.1
1632,19,0.1
1632,24,0.8
1632,25,0.1
1632,26,0.1
1633,3,0.1
1635,18,0.1
1635,22,0.1
1636,1,0.1
1636,9,0.1
1636,12,0.1
1636,24,0.1
1638,7,0.1
1638,15,0.1
1638,22,0.1
1638,25,0.1
1638,26,0.1
1640,5,0.1
1641,4,0.2
1641,15,0.1
1641,16,0.1
1641,19,0.1
1642,7,0.1
1643,12,0.1
1643,15,0.1
1644,2,0.8
1644,13,0.1
1644,25,0.1
1644,26,0.1
1645,8,0.1
1646,9,0.1
1646,27,0.1
1647,1,0.1
1647,7,0.1
1647,12,0.1
1647,14,0.1
1647,25,0.1
1648,8,0.1
1649,1,1.0
1649,5,0.1
1649,24,0.1
1650,5,0.1
1650,24,0.1
1651,0,0.4
1651,18,0.1
1651,25,0.1
1652,3,0.1
1652,7,0.1
1652,9,0.1
1652,19,0.1
1652,24,0.1
1653,4,0.2
1656,1,0.1
1656,2,0.8
1656,3,0.1
1656,8,0.1
1656,13,0.1
1656,14,0.1
1656,15,0.1
1656,19,0.1
1657,19,0.1
1659,8,0.1
1660,14,0.1
1660,15,0.8
1660,18,0.1
1662,9,0.1
1662,12,0.1
1662,24,0.1
1662,27,0.1
1663,16,0.1
1664,9,0.1
1666,0,0.4
1666,2,0.8
1666,13,0.1
1666,25,0.1
1666,26,0.1
1667,3,0.1
1667,5,0.1
1668,1,1.0
1668,3,0.1
1668,7,0.1
1668,18,0.1
1669,18,0.1
1670,2,0.8
1670,13,0.1
1672,2,0.1
1672,5,0.1
1672,15,0.1
1672,18,0.1
1674,9,0.1
1674,24,0.1
1675,26,0.1
1676,19,0.1
1677,15,0.1
1678,15,0.1
1678,19,0.1
1679,1,0.6
1679,2,0.8
1679,13,0.1
1679,19,0.1
1679,25,0.1
1680,24,0.1
1681,15,0.1
1682,9,0.1
1684,0,1.0
1684,5,0.1
1684,7,0.1
1684,16,0.1
1684,24,0.1
1686,9,0.1
1689,8,0.1
1689,11,0.1
1689,16,0.1
1690,10,0.1
1691,8,0.1
1691,9,0.1
1691,11,0.1
1691,12,0.1
1691,24,0.1
1691,27,0.1
1692,5,0.1
1693,0,1.0
1693,7,0.1
1693,19,0.1
1693,25,0.1
1694,9,0.1
1695,5,0.1
1695,15,0.1
1696,0,0.4
1696,1,0.6
1696,7,0.1
1697,4,0.2
1697,16,0.1
1698,7,0.1
1698,18,0.1
1699,7,0.1
1699,11,0.1
1699,16,0.1
1699,17,0.1
1700,16,0.1
1701,9,0.1
1702,5,0.1
1702,8,0.1
1702,19,0.1
1702,24,0.1
1702,26,0.1
1703,2,0.8
1703,7,0.1
1703,13,0.1
1703,16,0.1
1703,19,0.1
1704,9,0.1
1704,11,0.1
1705,9,0.1
1705,12,0.1
1705,16,0.1
1706,8,0.1
1708,1,1.0
1708,3,0.1
1708,4,0.2
1708,7,0.1
1708,11,0.1
1708,15,0.1
1708,16,0.1
1712,8,0.1
1712,14,0.1
1712,15,0.1
1712,19,0.1
1714,3,0.1
1714,9,0.1
1714,16,0.1
1714,22,0.1
1714,27,0.1
1715,8,0.1
1716,7,0.1
1716,8,0.1
1718,9,0.1
1718,24,0.1
1718,26,0.1
1719,5,0.1
1719,8,0.1
1719,11,0.1
1719,17,0.1
1719,19,0.1
1720,5,0.1
1720,18,0.1
1720,22,0.1
1720,24,0.1
1721,18,0.1
1721,19,0.1
1721,25,0.1
1722,9,0.1
1723,1,0.1
1724,1,1.0
1724,8,0.1
1724,18,0.1
1724,19,0.1
1724,25,0.1
1724,26,0.1
1725,0,1.0
1725,2,0.8
1725,5,0.1
1725,13,0.1
1727,5,0.1
1727,9,0.1
1727,19,0.1
1727,24,1.0
1728,4,0.2
1728,5,0.1
1728,8,0.1
1728,16,0.1
1729,5,0.1
1729,8,0.1
1729,27,0.1
1730,10,0.1
1730,15,0.1
1730,19,0.1
1731,9,0.1
1731,16,0.1
1731,27,0.1
1732,1,0.6
1732,3,0.1
1732,27,0.1
1733,1,0.1
1733,3,0.1
1733,5,0.1
1733,8,0.1
1733,27,0.1
1734,9,0.1
1736,9,0.1
1736,12,0.1
1737,0,0.4
1737,1,0.1
1737,2,0.8
1737,3,0.1
1737,4,0.2
1737,13,0.1
1737,15,0.1
1737,17,0.1
1737,18,0.1
1737,25,0.1
1738,1,0.1
1738,18,0.1
1739,5,0.1
1739,15,0.1
1739,19,0.1
1742,5,0.1
1743,3,0.1
1743,4,0.2
1743,16,0.1
1743,18,0.1
1744,7,0.1
1744,18,0.1
1745,0,1.0
1745,2,0.8
1745,13,0.1
1745,27,0.1
1746,5,0.1
1747,0,1.0
1747,2,0.8
1747,5,0.1
1747,13,0.1
1747,23,0.1
1748,0,1.0
1749,18,0.1
1750,9,0.1
1750,16,0.1
1750,18,0.1
1751,3,0.1
1751,4,0.2
1751,15,0.1
1751,18,0.1
1751,24,0.1
1752,3,0.1
1752,8,0.1
1752,9,0.1
1752,16,0.1
1753,1,0.6
1753,2,0.8
1753,5,0.1
1753,13,0.1
1753,16,0.1
1753,18,0.1
1753,25,0.1
1754,3,0.1
1754,18,0.1
1755,4,0.2
1755,9,0.1
1755,16,0.1
1756,0,1.0
1756,3,0.1
1757,9,0.1
1758,0,1.0
1758,3,0.1
1759,9,0.1
1759,17,0.1
1759,19,0.1
1761,3,0.1
1761,9,0.1
1761,18,0.1
1761,24,0.1
1762,3,0.1
1763,8,0.1
1763,9,0.1
1764,9,0.1
1764,16,0.1
1765,0,1.0
1765,1,1.0
1765,5,0.1
1765,8,0.1
1765,17,0.1
1765,26,0.1
1767,5,0.1
1767,9,0.1
1769,0,1.0
1769,1,1.0
1769,7,0.1
1770,8,1.0
1770,19,0.1
1771,0,1.0
1771,8,0.1
1772,0,1.0
1772,8,1.0
1773,0,0.4
1773,8,0.1
1773,26,0.1
1774,0,1.0
1774,7,0.1
1774,16,0.1
1775,0,0.6
1775,7,0.1
1775,18,0.1
1775,25,0.1
1777,17,0.1
1778,3,0.1
1778,18,0.1
1778,25,0.1
1779,7,0.1
1779,19,0.1
1780,0,1.0
1780,15,0.1
1780,24,0.1
1780,26,0.1
1781,1,1.0
1781,7,0.1
1781,8,0.1
1781,9,0.1
1781,16,0.1
1782,1,0.1
1782,3,0.1
1782,7,0.1
1782,9,0.1
1782,16,0.1
1782,25,0.1
1782,27,0.1
1783,0,1.0
1783,5,0.1
1783,18,0.1
1783,24,0.1
1784,2,0.8
1784,3,0.1
1784,13,0.1
1784,18,0.1
1784,24,0.1
1785,1,0.1
1785,3,0.1
1785,5,0.1
1785,18,0.1
1785,25,0.1
1786,26,0.1
1787,16,0.1
1788,5,0.1
1788,9,0.8
1789,4,0.2
1789,24,0.1
1790,0,1.0
1790,8,0.1
1790,11,0.1
1790,17,0.1
1790,19,0.1
1790,23,0.1
1791,0,1.0
1791,15,0.1
1791,18,0.1
1792,9,0.1
1792,18,0.1
1793,2,0.1
1793,9,0.1
1793,16,0.1
1794,0,1.0
1794,5,0.1
1794,26,0.1
1795,0,1.0
1795,3,0.1
1795,5,0.1
1795,19,0.1
1796,16,0.1
1796,18,0.1
1796,24,0.1
1796,25,0.1
1796,26,0.1
1797,24,0.1
1798,25,0.1
1799,9,0.1
1800,24,0.8
1801,2,0.8
1801,13,0.1
1801,15,0.8
1801,16,0.1
1801,18,1.0
1802,2,0.1
1802,5,0.1
1802,15,0.1
1802,24,0.1
1803,0,0.6
1803,3,0.1
1803,5,0.1
1803,8,0.1
1803,11,0.1
1803,24,1.0
1803,26,0.1
1804,5,0.1
1804,8,0.1
1804,11,0.1
1804,19,0.1
1804,24,0.1
1805,5,0.1
1805,8,0.1
1805,11,0.1
1806,2,0.8
1806,5,0.1
1806,11,0.1
1806,18,0.1
1806,24,0.1
1806,25,0.1
1806,26,0.1
1807,0,0.6
1807,5,0.1
1807,7,0.1
1807,8,0.1
1807,11,0.1
1807,19,0.1
1807,26,0.1
1808,0,0.6
1808,5,0.1
1808,8,0.1
1808,11,0.1
1808,14,0.1
1808,24,0.1
1809,5,0.1
1809,8,0.1
1809,11,0.1
1809,27,0.1
1810,2,0.8
1810,5,0.1
1810,11,0.1
1811,4,0.2
1811,7,0.1
1812,3,0.1
1812,5,0.1
1812,8,0.1
1812,11,0.1
1813,16,0.1
1814,8,0.1
1815,4,0.2
1815,5,0.1
1815,14,0.1
1815,15,0.1
1815,18,0.1
1815,25,0.1
1815,26,0.1
1816,5,0.1
1816,11,0.1
1816,18,0.1
1816,24,0.1
1816,26,0.1
1817,1,0.1
1817,26,0.1
1818,3,0.1
1818,9,0.1
1818,25,0.1
1819,3,0.1
1819,16,0.1
1819,27,0.1
1822,15,0.1
1822,16,0.1
1823,0,0.6
1825,1,0.1
1826,15,0.1
1826,18,0.1
1827,3,0.1
1827,14,0.1
1827,15,0.1
1827,17,0.1
1827,18,0.8
1827,23,0.1
1828,3,0.1
1829,5,0.1
1829,9,0.1
1830,0,0.4
1830,9,0.1
1830,11,0.1
1831,1,0.6
1831,18,0.1
1831,19,0.1
1833,4,0.2
1833,5,0.1
1833,15,0.1
1833,18,0.1
1833,24,0.8
1833,25,0.1
1833,26,0.1
1834,2,0.1
1834,5,0.1
1834,9,0.1
1835,1,1.0
1835,14,0.1
1836,19,0.1
1836,24,0.1
1837,1,0.1
1837,3,0.1
1837,5,0.1
1837,19,0.1
1837,24,0.8
1838,4,0.2
1838,7,0.1
1838,8,0.1
1838,16,0.1
1838,17,0.1
1838,27,0.1
1839,0,0.4
1840,0,0.4
1840,9,0.1
1840,18,0.1
1840,24,0.1
1841,3,0.1
1841,6,0.1
1841,11,0.1
1841,13,0.1
1841,25,0.1
1843,2,0.8
1843,13,0.1
1843,27,0.1
1844,1,0.6
1844,5,0.1
1844,8,0.1
1844,14,0.1
1844,24,0.1
1844,25,0.1
1846,19,0.1
1850,9,0.1
1850,15,0.1
1850,16,0.1
1852,5,0.1
1852,18,0.1
1852,19,0.1
1852,25,0.1
1853,9,0.1
1854,3,0.1
1854,8,0.1
1854,27,0.1
1855,2,0.8
1855,4,0.2
1855,5,0.1
1855,13,0.1
1855,15,0.1
1855,19,0.1
1856,24,0.1
1857,1,1.0
1857,9,0.1
1857,16,0.1
1857,24,0.1
1858,9,0.1
1859,7,0.1
1859,8,0.1
1859,18,0.1
1861,2,0.1
1861,9,0.1
1862,3,0.1
1862,9,0.1
1863,0,0.6
1863,1,1.0
1863,2,0.8
1863,4,0.2
1863,6,0.1
1863,11,0.8
1863,13,0.8
1863,19,0.1
1863,23,0.1
1863,25,0.8
1863,27,0.1
1864,0,1.0
1864,7,0.1
1864,16,0.1
1865,8,0.1
1865,9,0.1
1865,16,0.1
1866,8,0.1
1866,19,0.1
1867,0,1.0
1867,3,0.1
1867,7,0.1
1867,24,0.1
1868,9,0.1
1868,16,0.1
1868,17,0.1
1868,19,0.1
1868,27,0.1
1869,0,0.5
1869,19,0.1
1870,7,0.1
1870,16,0.1
1872,2,0.8
1872,7,0.1
1872,13,0.1
1872,18,0.1
1872,26,0.1
1873,0,0.4
1874,4,0.2
1874,5,0.1
1874,7,0.1
1874,8,0.1
1874,15,0.1
1874,18,0.1
1874,24,0.1
1875,2,0.8
1875,12,0.1
1875,13,0.1
1875,15,0.1
1875,17,0.1
1877,1,0.6
1877,5,0.1
1877,7,0.1
1877,19,0.1
1878,0,1.0
1878,18,0.1
1878,25,0.1
1879,9,0.1
1879,12,0.1
1880,8,0.1
1880,17,0.1
1880,19,0.1
1881,3,0.1
1881,5,0.1
1882,3,0.1
1882,24,0.1
1883,9,0.1
1885,18,0.1
1885,24,0.1
1888,0,0.6
1888,5,0.1
1888,8,0.1
1889,4,0.2
1889,8,0.1
1889,15,0.1
1889,19,0.1
1890,2,0.8
1890,5,0.1
1890,13,0.1
1890,18,0.1
1890,25,0.1
1890,26,0.1
1891,3,0.1
1891,9,0.1
1891,19,0.1
1891,22,1.0
1892,26,0.1
1893,25,0.1
1894,1,0.6
1894,3,0.1
1894,5,0.1
1894,7,0.1
1894,19,0.1
1895,3,0.1
1895,5,0.1
1896,9,0.1
1896,11,0.1
1897,0,1.0
1897,1,1.0
1897,7,0.1
1898,4,0.2
1899,3,0.1
1899,7,0.1
1900,3,0.1
1900,5,0.1
1900,24,0.1
1901,1,0.1
1901,3,0.1
1901,14,0.1
1902,7,0.1
1903,1,1.0
1903,8,0.1
1903,16,0.1
1903,25,0.1
1903,27,0.1
1904,0,1.0
1904,3,0.1
1904,7,0.1
1904,16,0.1
1904,19,0.1
1904,24,0.1
1904,27,0.1
1905,11,0.1
1906,5,0.1
1906,18,0.1
1906,24,0.1
1906,26,0.1
1907,5,0.1
1907,9,0.1
1907,15,0.1
1909,11,0.1
1909,18,0.1
1909,25,0.1
1910,3,0.1
1910,9,0.1
1910,16,0.1
1912,0,0.4
1912,1,1.0
1912,8,0.1
1912,15,0.1
1912,27,0.1
1913,1,0.1
1913,2,0.8
1913,3,0.1
1913,8,1.0
1913,13,0.1
1913,19,0.1
1914,1,0.6
1914,17,0.1
1915,7,0.1
1915,18,0.1
1915,24,0.1
1915,25,0.1
1916,3,0.1
1916,9,0.1
1916,18,0.1
1916,25,0.1
1917,25,0.1
1918,6,0.1
1918,11,0.1
1918,13,0.1
1918,15,0.1
1918,18,0.1
1918,25,0.1
1919,1,0.6
1920,1,0.1
1920,7,0.1
1921,8,0.1
1921,11,0.1
1921,16,0.1
1922,8,0.1
1922,27,0.1
1923,5,0.1
1923,7,0.1
1923,18,0.1
1925,8,0.1
1925,17,0.1
1926,3,0.1
1926,9,0.1
1927,5,0.1
1927,8,0.1
1928,0,1.0
1928,5,0.1
1928,7,0.1
1928,8,0.1
1928,24,0.1
1932,0,1.0
1932,3,0.1
1932,11,0.1
1932,17,0.1
1932,19,0.1
1933,1,0.1
1933,3,0.1
1933,9,0.1
1933,15,0.1
1933,16,0.1
1933,19,0.1
1934,3,0.1
1934,7,0.1
1934,8,0.1
1934,14,0.1
1935,11,0.1
1935,18,0.1
1936,15,0.1
1936,19,0.1
1937,7,0.1
1938,4,0.2
1938,9,0.1
1938,15,0.1
1938,17,0.1
1938,18,0.8
1939,4,0.2
1939,5,0.1
1939,14,0.1
1939,15,0.8
1939,16,0.1
1939,18,0.1
1939,25,0.1
1940,7,0.1
1940,18,0.1
1940,19,0.1
1941,0,0.6
1941,2,0.8
1941,3,0.1
1941,5,0.1
1941,8,0.1
1941,13,0.1
1941,14,0.1
1941,19,0.1
1942,7,0.1
1942,18,0.1
1943,9,0.1
1944,8,0.1
1944,9,0.1
1944,14,0.1
1944,16,0.1
1946,3,0.1
1946,9,0.1
1946,19,0.1
1948,5,0.1
1948,9,0.1
1949,4,0.2
1949,19,0.1
1950,4,0.2
1950,5,0.1
1950,24,0.8
1951,8,0.1
1951,9,0.1
1952,1,0.1
1952,3,0.1
1952,8,0.1
1952,14,0.1
1952,18,0.1
1952,27,0.1
1953,0,0.6
1953,1,0.6
1954,24,0.1
1954,27,0.1
1955,8,0.1
1955,19,0.1
1955,25,0.1
1956,0,1.0
1956,7,0.1
1956,11,0.1
1957,3,0.1
1958,9,0.1
1958,25,0.1
1958,26,0.1
1959,7,0.1
1959,9,0.1
1959,16,0.1
1960,5,0.1
1960,8,0.1
1961,1,0.1
1961,9,0.1
1961,26,0.1
1961,27,0.1
1962,4,0.2
1962,16,0.1
1962,22,0.1
1963,0,1.0
1963,7,0.1
1964,0,0.4
1964,17,0.1
1964,18,0.1
1964,19,0.1
1964,22,0.1
1965,9,0.1
1965,18,0.1
1966,0,1.0
1966,7,0.1
1966,17,0.1
1967,0,1.0
1967,7,0.1
1967,8,0.1
1967,17,0.1
1967,19,0.1
1968,1,1.0
1968,5,0.1
1968,7,0.1
1968,8,0.1
1968,25,0.1
1969,16,0.1
1970,0,1.0
1970,7,0.1
1970,14,0.1
1970,16,0.1
1970,17,0.1
1971,4,0.2
1971,15,0.1
1971,18,0.8
1971,24,0.8
1974,5,0.1
1974,19,0.1
1975,4,0.2
1975,7,0.1
1975,15,0.1
1975,18,0.8
1975,19,0.1
1975,25,0.1
1976,9,0.1
1977,6,0.1
1977,11,0.8
1977,13,0.1
1977,18,0.1
1977,24,0.1
1977,25,0.1
1978,9,0.1
1978,14,0.1
1978,19,0.1
1979,9,0.1
1979,18,0.1
1981,5,0.1
1981,7,0.1
1981,19,0.1
1982,10,0.1
1983,5,0.1
1983,9,0.1
1983,15,0.1
1984,8,0.1
1984,10,0.1
1984,24,0.1
1985,1,0.6
1985,3,0.1
1985,5,0.1
1985,8,0.1
1985,9,0.1
1985,16,0.1
1987,4,0.2
1987,7,0.1
1987,8,0.1
1987,15,0.1
1987,16,0.1
1987,17,0.1
1987,18,0.1
1989,1,0.1
1989,3,0.1
1989,5,0.1
1989,8,0.1
1990,0,0.4
1990,7,0.1
1990,14,0.1
1990,16,0.1
1990,17,0.1
1990,19,0.1
1990,25,0.1
1991,0,1.0
1991,1,1.0
1991,2,0.8
1991,8,0.1
1991,26,0.1
1992,1,0.1
1992,19,0.1
1992,27,0.1
1993,4,0.2
1993,16,0.1
1994,0,1.0
1994,3,0.1
1994,8,0.1
1994,14,0.1
1994,19,0.1
1995,5,0.1
1995,18,0.1
1995,26,0.1
1996,0,1.0
1996,4,0.2
1996,7,0.1
1996,8,0.1
1996,9,0.1
1996,11,0.1
1996,16,0.1
1998,5,0.1
1998,8,0.1
1998,24,0.1
1999,16,0.1
2000,1,1.0
2000,5,0.1
2000,26,0.1
2001,1,1.0
2001,2,0.8
2001,3,0.1
2001,13,0.1
2001,19,0.1
2002,2,0.8
2002,3,0.1
2002,5,0.1
2002,8,0.1
2002,13,0.1
2002,19,0.1
2002,25,0.1
2003,0,0.4
2004,3,0.1
2004,5,0.1
2006,0,1.0
2006,4,0.2
2006,5,0.1
2006,7,0.1
2006,8,0.1
2006,15,0.1
2006,17,0.1
2006,19,0.1
2007,1,0.1
2008,1,0.1
2008,3,0.1
2008,8,0.1
2010,4,0.2
2010,8,0.1
2010,16,0.1
2011,1,0.1
2011,14,0.1
2011,16,0.1
2011,19,0.1
2012,5,0.1
2012,7,0.1
2012,8,1.0
2012,14,0.1
2012,18,0.1
2012,19,0.1
2013,0,0.6
2013,5,0.1
2013,8,0.1
2013,19,0.1
2013,25,0.1
2013,27,0.1
2018,15,0.1
2018,18,0.1
2018,25,0.1
2019,0,1.0
2019,8,0.1
2019,25,0.1
2020,9,0.1
2020,11,0.1
2020,24,0.1
2022,0,0.4
2023,0,0.6
2023,3,0.1
2023,4,0.2
2023,5,0.1
2023,25,0.1
2024,7,0.1
2026,5,0.1
2026,6,0.1
2026,7,0.1
2026,8,1.0
2026,11,0.1
2026,13,0.1
2026,25,0.1
2028,0,1.0
2028,1,0.1
2028,5,0.1
2028,8,0.1
2028,16,0.1
2028,19,0.1
2030,8,0.1
2030,9,0.8
2031,5,0.1
2031,7,0.1
2031,19,0.1
2031,24,0.1
2031,26,0.1
2032,4,0.2
2032,16,0.1
2032,22,0.1
2032,24,0.1
2032,26,0.1
2035,5,0.1
2035,9,0.1
2035,19,0.1
2038,7,0.1
2038,15,0.8
2038,16,0.1
2038,18,0.8
2038,27,0.1
2041,0,0.6
2041,1,0.6
2041,5,0.1
2041,8,0.1
2041,14,0.1
2041,17,0.1
2042,8,0.1
2042,23,0.1
2042,27,0.1
2043,5,0.1
2043,14,0.1
2043,15,0.1
2043,18,0.1
2044,8,0.1
2044,11,0.1
2044,18,0.1
2044,19,0.1
2044,26,0.1
2045,4,0.2
2045,8,0.1
2045,19,0.1
2045,25,0.1
2046,16,0.1
2047,4,0.2
2047,15,0.1
2048,1,0.6
2048,5,0.1
2048,15,0.1
2048,18,0.1
2048,24,0.1
2048,26,0.1
2050,0,1.0
2050,4,0.2
2050,5,0.1
2050,6,0.1
2050,11,0.1
2050,13,0.1
2050,17,0.1
2050,19,0.1
2050,24,0.8
2050,25,0.1
2050,26,0.1
2050,27,0.1
2052,16,0.1
2053,5,0.1
2053,7,0.1
2055,0,1.0
2055,2,0.8
2055,5,0.1
2055,7,0.1
2055,13,0.1
2055,16,0.1
2055,24,0.1
2055,26,0.1
2056,1,0.6
2056,4,0.2
2059,4,0.2
2059,5,0.1
2059,7,0.1
2059,8,0.1
2060,15,0.1
2060,18,0.1
2061,4,0.2
2062,5,0.1
2062,25,0.1
2062,27,0.1
2063,3,0.1
2063,6,0.1
2063,11,0.1
2063,13,0.1
2063,25,0.8
2064,2,0.8
2064,3,0.1
2064,6,0.1
2064,8,0.1
2064,11,0.1
2064,13,0.8
2064,18,0.1
2064,19,0.1
2064,25,0.1
2064,26,0.1
2065,7,0.1
2065,11,0.1
2065,14,0.1
2065,18,0.1
2065,25,0.1
2066,15,0.1
2066,18,0.1
2067,4,0.2
2067,7,0.1
2068,15,0.1
2068,18,0.8
2070,3,0.1
2070,27,0.1
2071,4,0.2
2072,5,0.1
2072,18,0.1
2074,4,0.2
2074,15,0.1
2074,16,0.1
2074,18,1.0
2075,7,0.1
2075,8,0.1
2075,11,0.1
2077,3,0.1
2077,16,0.1
2077,19,0.1
2080,3,0.1
2081,8,0.1
2081,9,0.1
2082,6,0.1
2082,11,0.1
2082,13,0.1
2082,25,0.1
2083,18,0.1
2083,19,0.1
2083,26,0.1
2084,1,0.6
2084,24,0.1
2084,27,0.1
2085,27,0.1
2086,9,0.1
2086,24,0.1
2087,25,0.1
2088,3,0.1
2088,8,0.1
2088,16,0.1
2088,18,0.1
2089,9,0.1
2089,26,0.1
2090,4,0.2
2090,5,0.1
2090,7,0.1
2090,9,0.1
2090,18,0.1
2091,3,0.1
2091,9,0.1
2091,18,0.1
2092,1,0.1
2092,3,0.1
2092,18,0.1
2092,25,0.1
2094,3,0.1
2094,19,0.1
2095,4,0.2
2095,8,0.1
2095,19,0.1
2096,6,0.1
2096,11,0.1
2096,13,0.1
2096,15,0.1
2096,18,0.8
2096,22,0.1
2096,25,0.1
2097,3,0.1
2098,4,0.2
2098,8,0.1
2098,15,0.1
2098,24,0.1
2099,7,0.1
2099,14,0.1
2099,19,0.1
2099,25,0.1
2101,3,0.1
2101,25,0.1
2101,27,0.1
2102,3,0.1
2102,4,0.2
2103,0,0.6
2103,7,0.1
2103,8,0.1
2104,4,0.2
2104,6,0.1
2104,11,0.1
2104,13,0.1
2104,15,0.1
2104,17,0.1
2104,25,0.8
2105,19,0.1
2107,0,0.6
2107,8,0.1
2107,11,0.1
2107,14,0.1
2107,16,0.1
2107,18,0.1
2107,24,0.1
2108,5,0.1
2108,11,0.1
2108,18,0.1
2108,19,0.1
2108,25,0.1
2110,5,0.1
2110,6,0.1
2110,11,0.1
2110,13,0.1
2110,25,0.1
2110,26,0.1
2111,5,0.1
2111,25,0.1
2112,1,0.1
2112,14,0.1
2112,18,0.1
2112,19,0.1
2113,4,0.2
2116,18,0.1
2116,26,0.1
2117,19,0.1
2117,26,0.1
2118,0,0.4
2118,7,0.1
2118,19,0.1
2120,27,0.1
2121,9,0.1
2121,12,0.1
2122,7,0.1
2122,19,0.1
2123,2,0.8
2123,4,0.2
2123,7,0.1
2123,8,0.1
2123,13,0.1
2124,7,0.1
2125,8,0.1
2125,9,0.1
2126,9,0.1
2126,16,0.1
2126,19,0.1
2127,8,0.1
2128,4,0.2
2129,4,0.2
2129,5,0.1
2129,7,0.1
2129,15,0.1
2129,18,0.1
2129,24,0.1
2129,25,0.1
2130,11,0.1
2130,16,0.1
2130,22,0.1
2130,26,0.1
2131,4,0.2
2132,3,0.1
2132,4,0.2
2132,8,0.1
2133,9,0.1
2134,3,0.1
2134,7,0.1
2134,19,0.1
2135,5,0.1
2135,25,0.1
2136,1,0.1
2137,3,0.1
2137,19,0.1
2138,3,0.1
2138,9,0.1
2138,15,0.1
2138,18,0.1
2139,3,0.1
2139,5,0.1
2139,18,0.1
2139,25,0.1
2141,0,0.4
2141,1,1.0
2141,5,0.1
2141,25,0.1
2142,4,0.2
2142,15,0.1
2142,18,0.8
2142,22,0.1
2144,3,0.1
2144,11,0.1
2145,4,1.0
2145,8,0.1
2145,15,0.1
2146,5,0.1
2146,16,0.1
2146,18,0.1
2146,24,0.1
2146,26,0.1
2148,3,0.1
2148,9,0.1
2148,22,0.1
2148,27,0.1
2149,0,1.0
2149,7,0.1
2149,14,0.1
2149,15,0.1
2149,17,0.1
2149,19,0.1
2149,22,0.1
2150,5,0.1
2150,8,0.1
2150,11,0.1
2151,9,0.1
2152,7,0.1
2152,15,0.1
2152,16,0.1
2152,19,0.1
2153,5,0.1
2153,15,0.8
2153,18,0.1
2153,19,0.1
2153,24,0.1
2153,26,0.1
2154,6,0.1
2154,11,0.1
2154,13,0.1
2154,18,0.1
2154,25,0.1
2155,3,0.1
2155,9,0.1
2155,27,0.1
2157,0,0.4
2157,1,0.6
2157,7,0.1
2159,3,0.1
2159,8,0.1
2159,18,0.1
2159,24,0.1
2159,25,0.1
2160,3,0.1
2160,5,0.1
2160,9,0.1
2160,18,0.1
2162,4,0.2
2162,9,0.1
2162,15,0.1
2162,16,0.1
2162,24,0.1
2163,3,0.1
2163,9,0.1
2163,16,0.1
2163,22,0.1
2164,27,0.1
2165,18,0.1
2165,24,0.1
2166,18,0.1
2166,25,0.1
2167,25,0.1
2169,6,0.1
2169,11,0.1
2169,13,0.1
2169,25,0.1
2170,16,0.1
2171,18,0.1
2172,18,0.1
2173,6,0.1
2173,11,0.1
2173,13,0.1
2173,25,0.1
2174,16,0.1
2175,18,0.1
